date,team_a,team_b,goals_a,goals_b,match_weight,neutral,competition
2010-01-02,Portugal,Belgium,1,6,0.2,True,friendly
2010-01-05,Argentina,Brazil,1,2,0.2,True,friendly
2010-01-12,Uruguay,Portugal,4,0,0.2,False,friendly
2010-01-18,Denmark,Uruguay,1,2,0.2,False,friendly
2010-01-21,England,Argentina,2,0,0.7,False,continental
2010-02-02,Croatia,Serbia,0,1,0.4,False,qualifier
2010-02-03,Germany,Mexico,4,0,0.2,False,friendly
2010-02-05,Belgium,Poland,2,1,0.2,True,friendly
2010-02-07,Colombia,Uruguay,2,3,0.4,False,qualifier
2010-02-16,Netherlands,Ghana,3,2,0.2,False,friendly
2010-02-18,Poland,Italy,1,1,0.4,False,qualifier
2010-02-24,Serbia,USA,2,0,0.2,True,friendly
2010-02-25,Morocco,Portugal,0,0,0.4,False,qualifier
2010-03-02,Uruguay,Brazil,3,2,0.7,False,continental
2010-03-05,Croatia,Ecuador,2,1,0.2,False,friendly
2010-03-07,USA,Japan,1,2,0.2,True,friendly
2010-03-09,Poland,Mexico,0,0,0.4,False,qualifier
2010-03-09,Japan,Poland,1,2,0.7,True,continental
2010-03-14,Poland,Senegal,0,2,0.2,True,friendly
2010-03-18,England,Ecuador,1,0,0.7,True,continental
2010-03-18,Netherlands,Portugal,0,2,0.4,False,qualifier
2010-03-19,Ghana,Belgium,0,1,0.4,False,qualifier
2010-03-20,Brazil,England,3,3,0.7,False,continental
2010-03-26,Italy,Germany,0,1,0.4,False,qualifier
2010-04-01,England,Croatia,3,0,0.2,True,friendly
2010-04-02,Croatia,Portugal,2,3,0.2,True,friendly
2010-04-06,Ecuador,Senegal,3,1,0.2,False,friendly
2010-04-07,Brazil,Japan,3,0,0.4,False,qualifier
2010-04-08,Mexico,Argentina,1,2,0.2,True,friendly
2010-04-14,Spain,Portugal,0,2,0.2,True,friendly
2010-04-17,Japan,Ecuador,6,2,0.7,True,continental
2010-04-18,Italy,Ecuador,2,1,0.7,True,continental
2010-04-18,France,Brazil,2,2,0.4,False,qualifier
2010-04-19,Brazil,Belgium,0,1,0.2,True,friendly
2010-04-20,Switzerland,Croatia,2,2,0.2,True,friendly
2010-04-20,Belgium,USA,4,0,0.4,False,qualifier
2010-04-22,Ecuador,Senegal,3,1,0.2,True,friendly
2010-04-27,Serbia,Senegal,1,3,0.4,False,qualifier
2010-04-27,Ecuador,England,0,0,0.2,False,friendly
2010-05-03,Spain,Netherlands,3,1,0.2,True,friendly
2010-05-05,Brazil,Belgium,1,0,0.2,True,friendly
2010-05-08,Senegal,Switzerland,0,2,0.2,False,friendly
2010-05-09,Mexico,Brazil,1,2,0.4,False,qualifier
2010-05-15,Portugal,Switzerland,1,0,0.4,False,qualifier
2010-05-20,Brazil,Germany,3,0,0.2,False,friendly
2010-05-22,USA,Ecuador,1,0,0.2,False,friendly
2010-05-23,Italy,Brazil,3,1,0.2,False,friendly
2010-05-23,USA,Uruguay,4,3,0.4,False,qualifier
2010-05-25,Denmark,Germany,4,0,0.2,False,friendly
2010-06-01,Denmark,Brazil,0,2,0.7,True,continental
2010-06-03,Ecuador,Brazil,0,4,0.7,False,continental
2010-06-08,Japan,Denmark,5,2,0.4,False,qualifier
2010-06-09,Morocco,Germany,1,3,0.4,False,qualifier
2010-06-09,Croatia,Germany,0,1,0.7,True,continental
2010-06-13,Senegal,Italy,1,1,0.4,False,qualifier
2010-06-17,Argentina,Netherlands,1,1,0.4,False,qualifier
2010-06-18,Germany,Spain,4,3,0.2,False,friendly
2010-06-21,Brazil,Mexico,5,2,0.4,False,qualifier
2010-06-24,Ecuador,USA,1,1,0.2,False,friendly
2010-06-25,Colombia,Japan,5,0,0.2,True,friendly
2010-06-27,Uruguay,Colombia,2,0,0.2,True,friendly
2010-07-04,Senegal,Brazil,0,0,0.7,True,continental
2010-07-11,Italy,France,2,0,0.4,False,qualifier
2010-07-19,Uruguay,Netherlands,1,1,0.2,True,friendly
2010-07-20,Japan,Netherlands,0,3,0.4,False,qualifier
2010-07-20,Ghana,Mexico,0,3,0.2,True,friendly
2010-07-21,Mexico,Ghana,2,0,0.2,False,friendly
2010-07-21,Argentina,Japan,1,0,0.2,True,friendly
2010-07-25,Ecuador,Poland,2,1,0.2,True,friendly
2010-08-04,Germany,Senegal,1,1,0.2,True,friendly
2010-08-05,Spain,Croatia,3,2,0.2,True,friendly
2010-08-07,Germany,Italy,3,1,0.2,True,friendly
2010-08-10,Belgium,England,3,1,0.2,True,friendly
2010-08-15,Senegal,Argentina,2,2,0.4,False,qualifier
2010-08-17,Portugal,Croatia,1,0,0.2,True,friendly
2010-08-25,Ghana,Poland,2,2,0.2,True,friendly
2010-08-25,Germany,Italy,3,0,0.7,True,continental
2010-08-25,Ghana,Senegal,0,1,0.7,True,continental
2010-08-25,Denmark,Mexico,1,0,0.2,True,friendly
2010-08-26,USA,Poland,2,1,0.2,False,friendly
2010-09-01,Senegal,Poland,1,0,0.2,False,friendly
2010-09-01,Belgium,Mexico,1,0,0.4,False,qualifier
2010-09-03,Ghana,Ecuador,1,2,0.7,True,continental
2010-09-10,Italy,Switzerland,3,0,0.4,False,qualifier
2010-09-10,Poland,Italy,0,0,0.2,True,friendly
2010-09-10,Portugal,Croatia,2,0,0.4,False,qualifier
2010-09-12,Ghana,Germany,1,4,0.7,False,continental
2010-09-15,Denmark,Belgium,2,1,0.7,False,continental
2010-09-15,Uruguay,Poland,4,1,0.4,False,qualifier
2010-09-24,Colombia,USA,2,0,0.4,False,qualifier
2010-10-03,Ghana,Belgium,0,1,0.4,False,qualifier
2010-10-03,Senegal,Uruguay,3,2,0.4,False,qualifier
2010-10-06,Ecuador,Denmark,4,0,0.2,False,friendly
2010-10-06,Colombia,Belgium,1,2,0.4,False,qualifier
2010-10-11,Croatia,Switzerland,3,0,0.4,False,qualifier
2010-10-17,Belgium,Germany,1,1,0.7,True,continental
2010-10-23,Morocco,Italy,0,3,0.2,True,friendly
2010-10-25,Germany,Italy,2,3,0.4,False,qualifier
2010-10-26,Senegal,Argentina,1,0,0.7,True,continental
2010-11-01,Mexico,Netherlands,0,1,0.7,False,continental
2010-11-01,Uruguay,Germany,2,4,0.4,False,qualifier
2010-11-09,Uruguay,Spain,4,0,0.4,False,qualifier
2010-11-14,France,Argentina,4,1,0.2,False,friendly
2010-11-14,Brazil,Belgium,2,0,0.2,True,friendly
2010-11-17,Poland,England,0,1,0.4,False,qualifier
2010-11-17,Serbia,Senegal,1,3,0.7,True,continental
2010-11-18,Denmark,France,1,2,0.2,False,friendly
2010-11-19,Belgium,Serbia,6,1,0.2,False,friendly
2010-11-19,Argentina,USA,0,0,0.2,True,friendly
2010-11-21,Portugal,Switzerland,2,0,0.7,False,continental
2010-11-24,Japan,Poland,2,1,0.7,True,continental
2010-11-24,Ghana,Colombia,4,0,0.4,False,qualifier
2010-11-25,Mexico,Senegal,2,0,0.4,False,qualifier
2010-11-27,USA,Ecuador,1,1,0.2,False,friendly
2010-12-09,Serbia,Japan,2,2,0.4,False,qualifier
2010-12-09,Morocco,Brazil,3,0,0.7,True,continental
2010-12-14,Croatia,Germany,0,1,0.4,False,qualifier
2010-12-17,Argentina,Japan,3,0,0.2,False,friendly
2010-12-19,Brazil,Poland,3,0,0.2,True,friendly
2010-12-27,Netherlands,Uruguay,2,1,0.2,True,friendly
2011-01-01,Mexico,Senegal,2,0,0.2,True,friendly
2011-01-02,USA,Colombia,3,0,0.4,False,qualifier
2011-01-08,Portugal,Ecuador,2,0,0.4,False,qualifier
2011-01-12,Poland,Netherlands,2,3,0.4,False,qualifier
2011-01-13,Argentina,England,0,2,0.4,False,qualifier
2011-01-16,Ghana,Japan,3,1,0.4,False,qualifier
2011-01-17,Belgium,Uruguay,2,2,0.4,False,qualifier
2011-01-20,Portugal,Uruguay,3,4,0.7,False,continental
2011-01-21,Brazil,Italy,3,0,0.2,False,friendly
2011-01-22,Brazil,Poland,4,0,0.2,False,friendly
2011-01-25,Ghana,Japan,1,3,0.2,False,friendly
2011-01-26,Colombia,Switzerland,2,1,0.2,True,friendly
2011-01-26,Morocco,USA,1,1,0.7,False,continental
2011-01-27,Italy,Brazil,1,7,0.2,False,friendly
2011-02-05,Croatia,Portugal,0,0,0.2,True,friendly
2011-02-05,Japan,Denmark,3,4,0.2,False,friendly
2011-02-06,Senegal,Netherlands,1,2,0.4,False,qualifier
2011-02-14,USA,Ecuador,3,1,0.2,True,friendly
2011-02-17,Uruguay,USA,0,0,0.2,True,friendly
2011-02-18,Switzerland,Senegal,2,0,0.2,False,friendly
2011-02-18,Ghana,Japan,3,3,0.4,False,qualifier
2011-03-03,Portugal,Morocco,3,3,0.4,False,qualifier
2011-03-05,Italy,Netherlands,4,0,0.7,True,continental
2011-03-06,Mexico,Switzerland,1,0,0.2,True,friendly
2011-03-07,Switzerland,Italy,3,1,0.2,True,friendly
2011-03-09,Croatia,Germany,0,2,0.7,True,continental
2011-03-15,Argentina,Belgium,1,0,0.2,False,friendly
2011-03-16,Germany,Serbia,1,0,0.2,True,friendly
2011-03-19,Argentina,Denmark,0,1,0.2,False,friendly
2011-03-20,Ghana,Uruguay,1,3,0.4,False,qualifier
2011-03-20,Germany,Denmark,3,4,0.4,False,qualifier
2011-03-25,Italy,Switzerland,3,0,0.4,False,qualifier
2011-04-02,France,Denmark,1,1,0.2,False,friendly
2011-04-02,Spain,Ecuador,3,1,0.4,False,qualifier
2011-04-05,Mexico,USA,6,1,0.4,False,qualifier
2011-04-06,Argentina,Poland,1,0,0.2,False,friendly
2011-04-06,Belgium,Mexico,0,1,0.7,True,continental
2011-04-12,Spain,Serbia,2,0,0.7,False,continental
2011-04-12,Poland,Japan,3,0,0.4,False,qualifier
2011-04-19,Spain,Poland,2,1,0.2,False,friendly
2011-04-20,Netherlands,Japan,6,1,0.7,False,continental
2011-04-20,Brazil,Portugal,2,1,0.4,False,qualifier
2011-04-23,Serbia,Spain,3,0,0.2,False,friendly
2011-04-24,Mexico,Italy,0,1,0.7,False,continental
2011-04-26,Morocco,Ghana,1,3,0.4,False,qualifier
2011-05-03,Japan,Serbia,1,1,0.2,False,friendly
2011-05-11,Portugal,USA,3,1,0.2,False,friendly
2011-05-17,Portugal,Japan,1,0,0.4,False,qualifier
2011-05-21,Netherlands,Serbia,2,1,0.4,False,qualifier
2011-05-22,Serbia,Germany,1,1,0.7,True,continental
2011-05-24,Ghana,Italy,0,2,0.2,True,friendly
2011-05-25,Ecuador,Senegal,0,1,0.7,True,continental
2011-06-01,Uruguay,France,1,3,0.2,True,friendly
2011-06-02,Senegal,France,1,3,0.4,False,qualifier
2011-06-02,England,Morocco,3,0,0.2,False,friendly
2011-06-17,Belgium,Morocco,2,3,0.4,False,qualifier
2011-06-21,Argentina,Germany,2,3,0.4,False,qualifier
2011-06-22,USA,Belgium,2,0,0.4,False,qualifier
2011-06-23,Germany,Senegal,0,1,0.4,False,qualifier
2011-06-25,Croatia,Switzerland,2,1,0.2,True,friendly
2011-06-25,Poland,Netherlands,1,2,0.4,False,qualifier
2011-06-27,Netherlands,Senegal,1,2,0.2,False,friendly
2011-07-08,Switzerland,Morocco,1,0,0.4,False,qualifier
2011-07-08,Denmark,Croatia,3,2,0.4,False,qualifier
2011-07-10,Japan,Brazil,0,4,0.7,True,continental
2011-07-16,Serbia,Brazil,2,3,0.4,False,qualifier
2011-07-20,Ecuador,Morocco,5,1,0.2,False,friendly
2011-07-21,Serbia,Croatia,1,2,0.2,False,friendly
2011-07-23,Portugal,Spain,2,1,0.2,True,friendly
2011-08-02,Mexico,Argentina,1,1,0.4,False,qualifier
2011-08-07,Colombia,Croatia,2,0,0.2,False,friendly
2011-08-07,Argentina,Switzerland,1,2,0.2,False,friendly
2011-08-11,Portugal,Japan,2,0,0.4,False,qualifier
2011-08-16,France,Ghana,3,1,0.4,False,qualifier
2011-08-22,Colombia,Portugal,1,1,0.7,False,continental
2011-08-23,France,Portugal,2,0,0.2,False,friendly
2011-08-26,Spain,Poland,1,2,0.2,True,friendly
2011-09-04,Mexico,Croatia,0,3,0.4,False,qualifier
2011-09-05,Serbia,Denmark,0,3,0.7,True,continental
2011-09-05,Ghana,Netherlands,4,3,0.4,False,qualifier
2011-09-07,Denmark,Croatia,1,3,0.4,False,qualifier
2011-09-16,Colombia,Senegal,0,3,0.2,True,friendly
2011-09-16,Argentina,France,1,2,0.2,True,friendly
2011-09-20,Belgium,Morocco,2,0,0.4,False,qualifier
2011-09-20,Senegal,Morocco,2,1,0.2,False,friendly
2011-09-23,England,France,0,0,0.7,True,continental
2011-09-24,Morocco,Serbia,0,1,0.2,True,friendly
2011-09-24,England,Serbia,1,1,0.2,True,friendly
2011-09-26,Croatia,Colombia,2,0,0.4,False,qualifier
2011-09-27,Mexico,Japan,0,1,0.2,True,friendly
2011-10-04,Denmark,Argentina,0,1,0.2,True,friendly
2011-10-05,Netherlands,Portugal,1,2,0.4,False,qualifier
2011-10-15,Poland,Ghana,0,1,0.2,True,friendly
2011-10-21,France,Croatia,4,0,0.7,True,continental
2011-10-23,Italy,Switzerland,1,2,0.7,True,continental
2011-10-24,Japan,Ecuador,1,1,0.7,False,continental
2011-10-27,Senegal,Croatia,2,0,0.2,True,friendly
2011-11-02,USA,Germany,0,2,0.2,True,friendly
2011-11-03,Denmark,Japan,4,2,0.7,False,continental
2011-11-04,Denmark,Ecuador,1,1,0.2,True,friendly
2011-11-05,Switzerland,Morocco,0,3,0.2,True,friendly
2011-11-07,Poland,Morocco,3,0,0.2,True,friendly
2011-11-17,Belgium,Colombia,1,1,0.2,False,friendly
2011-11-26,Senegal,Belgium,0,1,0.2,False,friendly
2011-11-26,Portugal,Serbia,2,1,0.2,True,friendly
2011-12-01,Denmark,Brazil,5,1,0.7,True,continental
2011-12-02,Portugal,Spain,3,3,0.2,True,friendly
2011-12-03,Brazil,Ecuador,0,0,0.2,False,friendly
2011-12-05,Uruguay,Croatia,4,3,0.2,True,friendly
2011-12-06,Uruguay,Denmark,2,0,0.2,True,friendly
2011-12-09,Netherlands,Poland,1,0,0.2,True,friendly
2011-12-10,USA,Argentina,1,3,0.2,False,friendly
2011-12-10,Brazil,Switzerland,1,2,0.4,False,qualifier
2011-12-13,Argentina,Mexico,6,0,0.2,False,friendly
2011-12-17,Poland,France,3,4,0.4,False,qualifier
2011-12-18,Colombia,Mexico,3,0,0.4,False,qualifier
2011-12-23,Mexico,Denmark,0,0,0.4,False,qualifier
2011-12-24,Colombia,Germany,0,2,0.4,False,qualifier
2011-12-26,Spain,Morocco,1,0,0.4,False,qualifier
2011-12-27,Denmark,Serbia,0,2,0.2,True,friendly
2012-01-01,Morocco,Netherlands,2,2,0.2,True,friendly
2012-01-04,Switzerland,Netherlands,1,0,0.2,True,friendly
2012-01-04,Colombia,Mexico,1,0,0.2,False,friendly
2012-01-11,Brazil,Argentina,2,0,0.7,True,continental
2012-01-12,Denmark,France,0,1,0.2,True,friendly
2012-01-13,Germany,Croatia,3,2,0.2,False,friendly
2012-01-15,Brazil,Denmark,3,0,0.2,False,friendly
2012-01-16,Ghana,Mexico,0,2,0.2,False,friendly
2012-01-16,Colombia,Senegal,0,0,0.2,False,friendly
2012-01-20,Colombia,Morocco,1,1,0.4,False,qualifier
2012-01-21,Spain,Colombia,2,2,0.7,False,continental
2012-01-26,Netherlands,USA,5,1,0.4,False,qualifier
2012-01-26,Japan,Portugal,1,1,0.7,True,continental
2012-02-01,Netherlands,Mexico,3,0,0.2,False,friendly
2012-02-01,Ghana,Morocco,0,2,0.2,True,friendly
2012-02-01,Italy,Portugal,0,1,0.7,True,continental
2012-02-13,France,Netherlands,0,0,0.2,True,friendly
2012-02-16,Croatia,England,0,2,0.4,False,qualifier
2012-02-17,Ghana,Argentina,0,0,0.2,True,friendly
2012-02-18,Serbia,Argentina,1,3,0.2,True,friendly
2012-02-21,Senegal,Ecuador,0,0,0.2,True,friendly
2012-02-21,Switzerland,France,1,2,0.7,False,continental
2012-02-23,Ghana,Denmark,2,3,0.2,False,friendly
2012-02-24,Denmark,Spain,1,3,0.2,True,friendly
2012-02-26,France,Croatia,2,2,0.4,False,qualifier
2012-03-10,Belgium,USA,2,0,0.2,True,friendly
2012-03-12,Belgium,Morocco,1,0,0.4,False,qualifier
2012-03-16,Spain,Serbia,3,0,0.7,True,continental
2012-03-19,Belgium,France,1,1,0.7,False,continental
2012-03-19,Netherlands,Ghana,3,0,0.2,False,friendly
2012-03-20,Germany,Spain,2,0,0.2,False,friendly
2012-03-21,Germany,Spain,1,1,0.2,False,friendly
2012-03-23,Denmark,Italy,6,1,0.4,False,qualifier
2012-03-25,Poland,Ecuador,0,2,0.7,True,continental
2012-03-26,Colombia,Denmark,4,1,0.2,False,friendly
2012-03-27,Colombia,USA,3,1,0.2,False,friendly
2012-04-01,Brazil,Argentina,2,1,0.4,False,qualifier
2012-04-06,Netherlands,Croatia,2,1,0.2,True,friendly
2012-04-09,Belgium,Germany,2,3,0.4,False,qualifier
2012-04-12,Belgium,Mexico,1,3,0.4,False,qualifier
2012-04-17,Senegal,Germany,0,3,0.2,False,friendly
2012-04-17,USA,Serbia,2,0,0.4,False,qualifier
2012-04-17,Poland,Denmark,1,5,0.2,False,friendly
2012-04-18,Spain,Germany,3,0,0.2,False,friendly
2012-04-22,Croatia,England,0,1,0.2,True,friendly
2012-04-23,Brazil,Colombia,0,0,0.4,False,qualifier
2012-04-24,Japan,Mexico,2,0,0.2,True,friendly
2012-04-27,Mexico,Argentina,2,1,0.2,True,friendly
2012-05-12,Denmark,Mexico,3,0,0.2,False,friendly
2012-05-13,Denmark,Argentina,2,3,0.2,True,friendly
2012-05-13,Belgium,Spain,2,0,0.7,True,continental
2012-05-13,Argentina,Netherlands,1,0,0.2,True,friendly
2012-05-16,Brazil,Colombia,1,1,0.7,False,continental
2012-05-17,USA,Germany,4,2,0.4,False,qualifier
2012-05-17,Switzerland,England,0,2,0.4,False,qualifier
2012-05-18,Croatia,Belgium,1,1,0.7,False,continental
2012-05-21,Ecuador,Serbia,0,0,0.7,True,continental
2012-05-22,Argentina,Italy,0,0,0.4,False,qualifier
2012-05-23,Ghana,Uruguay,0,2,0.2,True,friendly
2012-05-27,Switzerland,Serbia,0,0,0.4,False,qualifier
2012-06-03,Germany,Mexico,3,0,0.4,False,qualifier
2012-06-07,USA,Portugal,1,3,0.4,False,qualifier
2012-06-08,Italy,Argentina,2,3,0.2,True,friendly
2012-06-10,Switzerland,Morocco,4,0,0.4,False,qualifier
2012-06-10,Germany,Serbia,1,0,0.7,True,continental
2012-06-10,Poland,France,0,1,0.2,True,friendly
2012-06-11,Colombia,Morocco,1,1,0.4,False,qualifier
2012-06-14,Senegal,England,1,1,0.7,False,continental
2012-06-14,Mexico,Senegal,3,0,0.2,False,friendly
2012-06-18,Ecuador,Mexico,2,2,0.4,False,qualifier
2012-06-20,Portugal,Ecuador,3,1,0.2,False,friendly
2012-06-27,Spain,Denmark,3,0,0.4,False,qualifier
2012-07-02,Brazil,France,1,3,0.2,True,friendly
2012-07-05,Brazil,England,1,0,0.2,False,friendly
2012-07-07,Japan,Serbia,3,1,0.7,False,continental
2012-07-16,Uruguay,Italy,0,2,0.2,True,friendly
2012-07-16,Portugal,Switzerland,1,2,0.7,True,continental
2012-07-22,Argentina,Ghana,3,0,0.4,False,qualifier
2012-07-23,Italy,Belgium,1,2,0.2,True,friendly
2012-07-27,England,Germany,0,1,0.7,True,continental
2012-08-03,Senegal,Spain,1,1,0.7,True,continental
2012-08-04,Spain,France,1,1,0.2,True,friendly
2012-08-10,Italy,Switzerland,1,1,0.2,True,friendly
2012-08-23,Ecuador,Portugal,3,5,0.4,False,qualifier
2012-08-26,USA,Argentina,0,2,0.2,True,friendly
2012-09-06,Ghana,Switzerland,2,1,0.7,False,continental
2012-09-09,France,Italy,2,3,0.2,False,friendly
2012-09-10,Switzerland,Poland,2,1,0.2,False,friendly
2012-09-13,Netherlands,Spain,0,3,0.2,True,friendly
2012-09-15,Switzerland,Germany,2,4,0.4,False,qualifier
2012-09-20,Ghana,Serbia,2,3,0.4,False,qualifier
2012-09-21,Switzerland,Denmark,0,3,0.7,True,continental
2012-10-03,Netherlands,Switzerland,3,2,0.4,False,qualifier
2012-10-06,France,England,3,1,0.2,False,friendly
2012-10-06,Argentina,Brazil,1,1,0.2,False,friendly
2012-10-12,Serbia,Colombia,2,1,0.4,False,qualifier
2012-10-13,Germany,Morocco,1,1,0.2,False,friendly
2012-10-16,Ecuador,USA,2,2,0.2,False,friendly
2012-10-19,Colombia,Germany,3,1,0.2,False,friendly
2012-10-25,Switzerland,Japan,4,0,0.4,False,qualifier
2012-10-27,Italy,France,0,2,0.2,True,friendly
2012-10-27,Portugal,Italy,2,0,0.4,False,qualifier
2012-11-02,Colombia,Senegal,0,0,0.4,False,qualifier
2012-11-06,Brazil,Italy,4,1,0.7,False,continental
2012-11-06,Netherlands,Belgium,0,1,0.4,False,qualifier
2012-11-07,Ecuador,Portugal,2,3,0.7,True,continental
2012-11-12,Ghana,Belgium,2,3,0.4,False,qualifier
2012-11-12,USA,Croatia,3,1,0.4,False,qualifier
2012-11-15,Belgium,Denmark,1,1,0.2,True,friendly
2012-11-20,Morocco,Italy,1,0,0.4,False,qualifier
2012-11-20,Poland,Ecuador,0,3,0.2,False,friendly
2012-11-22,Switzerland,USA,3,1,0.2,True,friendly
2012-11-23,England,Morocco,1,0,0.2,False,friendly
2012-11-26,Mexico,Serbia,1,0,0.2,False,friendly
2012-11-26,Ecuador,Croatia,2,1,0.7,False,continental
2012-12-02,Brazil,Ghana,3,0,0.4,False,qualifier
2012-12-06,Ghana,Japan,0,0,0.4,False,qualifier
2012-12-06,Colombia,Germany,0,1,0.2,False,friendly
2012-12-08,USA,Mexico,1,2,0.4,False,qualifier
2012-12-17,England,Croatia,2,1,0.2,True,friendly
2013-01-10,Belgium,Ecuador,1,0,0.2,True,friendly
2013-01-17,Italy,Croatia,1,1,0.7,False,continental
2013-01-21,Senegal,Brazil,4,3,0.2,False,friendly
2013-01-24,Senegal,Brazil,1,2,0.4,False,qualifier
2013-01-26,Senegal,England,0,2,0.7,True,continental
2013-01-26,Ghana,England,0,3,0.7,True,continental
2013-02-03,USA,Denmark,2,0,0.2,False,friendly
2013-02-15,Mexico,Denmark,0,2,0.2,True,friendly
2013-02-18,Germany,Netherlands,3,0,0.4,False,qualifier
2013-02-27,Ghana,Poland,0,1,0.7,False,continental
2013-03-03,Switzerland,Germany,0,3,0.2,False,friendly
2013-03-05,Colombia,Belgium,3,2,0.7,True,continental
2013-03-05,Ghana,Ecuador,1,2,0.2,True,friendly
2013-03-08,Portugal,England,1,1,0.2,True,friendly
2013-03-11,Senegal,Morocco,4,2,0.4,False,qualifier
2013-03-16,Ecuador,Poland,0,0,0.2,True,friendly
2013-03-17,Serbia,Uruguay,1,1,0.4,False,qualifier
2013-03-20,Uruguay,Brazil,2,1,0.4,False,qualifier
2013-03-23,Senegal,Argentina,0,1,0.2,False,friendly
2013-03-25,Belgium,Ecuador,3,1,0.4,False,qualifier
2013-04-05,Portugal,Switzerland,4,1,0.2,False,friendly
2013-04-07,Brazil,Argentina,1,2,0.4,False,qualifier
2013-04-07,Spain,USA,3,1,0.2,False,friendly
2013-04-12,USA,Brazil,0,1,0.2,True,friendly
2013-04-12,Denmark,England,1,0,0.4,False,qualifier
2013-04-14,England,Portugal,1,3,0.4,False,qualifier
2013-04-15,Ecuador,Germany,1,2,0.2,True,friendly
2013-04-17,Spain,USA,2,0,0.2,False,friendly
2013-04-17,France,Uruguay,0,0,0.2,False,friendly
2013-04-18,Netherlands,Argentina,2,2,0.4,False,qualifier
2013-04-18,USA,Poland,5,0,0.2,False,friendly
2013-04-20,Denmark,Japan,1,2,0.2,True,friendly
2013-04-21,Colombia,Portugal,2,0,0.4,False,qualifier
2013-04-23,Brazil,USA,5,1,0.2,False,friendly
2013-04-27,Germany,Denmark,1,1,0.7,False,continental
2013-05-05,Japan,England,3,1,0.4,False,qualifier
2013-05-09,Colombia,France,0,4,0.2,True,friendly
2013-05-12,Denmark,Morocco,1,0,0.7,False,continental
2013-05-14,Serbia,Belgium,0,2,0.2,False,friendly
2013-05-14,Belgium,Denmark,2,0,0.2,False,friendly
2013-05-15,Spain,Uruguay,0,0,0.2,True,friendly
2013-05-16,USA,England,2,0,0.4,False,qualifier
2013-05-18,Colombia,Belgium,2,1,0.4,False,qualifier
2013-05-23,Mexico,Ghana,0,1,0.7,True,continental
2013-05-25,Morocco,France,2,3,0.2,True,friendly
2013-05-26,Denmark,Mexico,1,1,0.4,False,qualifier
2013-06-10,Poland,Denmark,1,1,0.4,False,qualifier
2013-06-11,Morocco,Ghana,1,1,0.2,True,friendly
2013-06-13,Brazil,England,3,3,0.2,True,friendly
2013-07-01,Denmark,Switzerland,2,1,0.2,False,friendly
2013-07-02,Portugal,Denmark,2,0,0.2,False,friendly
2013-07-04,Morocco,Portugal,1,2,0.2,True,friendly
2013-07-05,Senegal,Germany,2,0,0.2,True,friendly
2013-07-11,Ghana,Uruguay,2,4,0.2,True,friendly
2013-07-15,Colombia,Mexico,1,0,0.2,False,friendly
2013-07-23,Switzerland,Poland,4,2,0.2,True,friendly
2013-08-02,Switzerland,Uruguay,1,0,0.7,True,continental
2013-08-05,Denmark,Ecuador,2,2,0.4,False,qualifier
2013-08-12,Netherlands,England,1,1,0.4,False,qualifier
2013-08-13,Germany,Poland,4,0,0.2,False,friendly
2013-08-13,France,Serbia,3,0,0.7,True,continental
2013-08-15,Senegal,Netherlands,1,5,0.4,False,qualifier
2013-08-18,Senegal,USA,1,0,0.4,False,qualifier
2013-08-20,Poland,USA,3,0,0.7,True,continental
2013-08-21,Netherlands,Mexico,1,0,0.4,False,qualifier
2013-08-23,Spain,Netherlands,3,1,0.7,False,continental
2013-08-23,Poland,Japan,2,2,0.2,True,friendly
2013-08-23,Morocco,Japan,1,1,0.2,True,friendly
2013-08-27,Denmark,Ghana,3,4,0.2,True,friendly
2013-09-01,Denmark,USA,2,0,0.2,False,friendly
2013-09-02,USA,Germany,1,6,0.4,False,qualifier
2013-09-05,Italy,Ecuador,5,0,0.2,True,friendly
2013-09-06,Argentina,France,1,1,0.4,False,qualifier
2013-09-06,Belgium,Poland,2,2,0.4,False,qualifier
2013-09-07,Uruguay,Belgium,2,2,0.4,False,qualifier
2013-09-08,England,Senegal,0,2,0.2,True,friendly
2013-09-09,Italy,Germany,0,3,0.7,True,continental
2013-09-10,England,Uruguay,1,0,0.7,True,continental
2013-09-12,Morocco,Poland,4,2,0.7,True,continental
2013-09-14,Ghana,Spain,2,0,0.2,False,friendly
2013-09-17,Poland,Senegal,2,1,0.7,True,continental
2013-09-18,Japan,France,1,2,0.2,False,friendly
2013-09-19,Ecuador,Mexico,1,2,0.2,True,friendly
2013-10-08,Denmark,Poland,1,0,0.2,False,friendly
2013-10-08,England,Argentina,1,2,0.2,True,friendly
2013-10-10,Ghana,Serbia,2,0,0.2,True,friendly
2013-10-17,Serbia,Ecuador,1,1,0.7,True,continental
2013-10-17,Spain,Netherlands,2,2,0.4,False,qualifier
2013-10-18,Colombia,USA,1,1,0.2,True,friendly
2013-10-18,Colombia,Morocco,0,0,0.2,True,friendly
2013-10-19,Switzerland,Poland,3,0,0.2,False,friendly
2013-10-21,Serbia,Belgium,2,2,0.7,False,continental
2013-10-22,France,Belgium,1,1,0.4,False,qualifier
2013-10-23,Germany,Argentina,1,2,0.7,True,continental
2013-10-25,Ghana,Senegal,0,0,0.4,False,qualifier
2013-10-26,Belgium,Japan,1,1,0.2,True,friendly
2013-11-08,England,Colombia,4,1,0.4,False,qualifier
2013-11-09,Morocco,Germany,3,3,0.4,False,qualifier
2013-11-10,Denmark,France,0,3,0.2,True,friendly
2013-11-12,England,Denmark,2,0,0.2,True,friendly
2013-11-14,Brazil,Croatia,2,1,0.4,False,qualifier
2013-11-14,USA,Belgium,3,1,0.4,False,qualifier
2013-11-21,France,Ghana,6,0,0.4,False,qualifier
2013-11-21,Uruguay,Germany,0,2,0.4,False,qualifier
2013-11-22,Ecuador,Croatia,1,3,0.4,False,qualifier
2013-11-23,Mexico,Morocco,1,0,0.2,True,friendly
2013-11-27,Serbia,England,3,1,0.4,False,qualifier
2013-12-01,Belgium,Germany,1,0,0.4,False,qualifier
2013-12-03,Poland,Switzerland,1,1,0.4,False,qualifier
2013-12-04,Italy,Netherlands,0,2,0.4,False,qualifier
2013-12-11,Portugal,Morocco,2,1,0.4,False,qualifier
2013-12-14,Uruguay,Japan,3,1,0.4,False,qualifier
2013-12-15,Colombia,France,1,4,0.2,True,friendly
2013-12-16,Uruguay,Croatia,1,1,0.2,True,friendly
2013-12-17,Poland,Switzerland,1,2,0.4,False,qualifier
2013-12-18,Uruguay,Mexico,1,0,0.7,True,continental
2013-12-20,Uruguay,France,2,0,0.4,False,qualifier
2013-12-23,Argentina,Ghana,5,3,0.2,True,friendly
2013-12-24,Germany,Japan,1,0,0.2,True,friendly
2013-12-26,Croatia,Morocco,2,0,0.4,False,qualifier
2014-01-01,Croatia,Senegal,0,1,0.4,False,qualifier
2014-01-02,Portugal,Brazil,3,1,0.4,False,qualifier
2014-01-06,Italy,Senegal,1,2,0.2,False,friendly
2014-01-07,Mexico,Germany,3,1,0.2,False,friendly
2014-01-08,USA,Brazil,2,1,0.7,False,continental
2014-01-11,Serbia,Spain,3,3,0.4,False,qualifier
2014-01-13,Italy,England,0,2,0.2,True,friendly
2014-01-20,Serbia,Belgium,2,2,0.7,True,continental
2014-01-20,Ghana,Colombia,1,0,0.2,False,friendly
2014-01-21,Brazil,Argentina,0,2,0.2,True,friendly
2014-01-24,Senegal,USA,2,2,0.4,False,qualifier
2014-01-24,Morocco,Switzerland,0,3,0.7,True,continental
2014-01-25,Switzerland,Argentina,0,1,0.4,False,qualifier
2014-01-25,Spain,Brazil,1,0,0.4,False,qualifier
2014-01-27,Portugal,Serbia,2,1,0.4,False,qualifier
2014-02-01,Morocco,Japan,2,2,0.2,False,friendly
2014-02-01,Ecuador,Poland,1,1,0.7,True,continental
2014-02-02,Uruguay,England,0,1,0.2,True,friendly
2014-02-02,Portugal,Japan,2,1,0.4,False,qualifier
2014-02-03,England,Switzerland,2,0,0.4,False,qualifier
2014-02-04,Mexico,Brazil,1,2,0.2,True,friendly
2014-02-07,Croatia,Poland,0,1,0.2,True,friendly
2014-02-08,Poland,Brazil,0,4,0.2,True,friendly
2014-02-14,France,Poland,0,0,0.2,True,friendly
2014-02-15,Uruguay,Senegal,3,0,0.2,False,friendly
2014-02-16,Serbia,Uruguay,2,3,0.4,False,qualifier
2014-02-17,Japan,Ghana,1,2,0.2,True,friendly
2014-02-17,England,Senegal,0,0,0.4,False,qualifier
2014-02-22,Japan,Croatia,0,1,0.2,True,friendly
2014-02-27,France,Netherlands,4,0,0.4,False,qualifier
2014-03-02,Serbia,Denmark,3,2,0.4,False,qualifier
2014-03-03,Brazil,Italy,3,1,0.7,True,continental
2014-03-05,Brazil,Germany,3,0,0.2,True,friendly
2014-03-07,Switzerland,Italy,1,1,0.7,True,continental
2014-03-09,USA,Morocco,1,1,0.4,False,qualifier
2014-03-11,Switzerland,Senegal,2,1,0.4,False,qualifier
2014-03-12,Morocco,USA,3,1,0.7,False,continental
2014-03-15,Italy,Poland,3,1,0.4,False,qualifier
2014-03-16,Switzerland,Uruguay,0,1,0.2,False,friendly
2014-03-16,USA,Italy,0,2,0.4,False,qualifier
2014-03-26,Italy,USA,3,0,0.2,False,friendly
2014-04-06,Italy,Ecuador,4,3,0.4,False,qualifier
2014-04-08,Spain,Portugal,3,4,0.4,False,qualifier
2014-04-09,Morocco,Portugal,1,1,0.7,False,continental
2014-04-10,Ghana,Netherlands,2,1,0.4,False,qualifier
2014-04-13,Denmark,Uruguay,2,3,0.2,True,friendly
2014-04-19,Italy,Croatia,1,0,0.2,True,friendly
2014-04-20,Serbia,Netherlands,1,3,0.7,False,continental
2014-04-21,Ghana,England,0,1,0.2,False,friendly
2014-04-24,Denmark,Poland,3,0,0.2,False,friendly
2014-04-27,Brazil,Senegal,1,2,0.4,False,qualifier
2014-05-05,Uruguay,Germany,4,4,0.2,True,friendly
2014-05-08,Ghana,Colombia,1,0,0.2,True,friendly
2014-05-12,Ghana,Ecuador,1,3,0.4,False,qualifier
2014-05-16,Switzerland,Netherlands,2,4,0.2,False,friendly
2014-05-18,Spain,Switzerland,1,3,0.2,False,friendly
2014-05-22,Poland,Croatia,4,3,0.2,False,friendly
2014-05-25,Colombia,Denmark,2,3,0.4,False,qualifier
2014-06-01,Brazil,Japan,4,1,0.4,False,qualifier
2014-06-01,Mexico,Brazil,0,2,0.9,True,world_cup
2014-06-01,Uruguay,Mexico,1,1,0.9,True,world_cup
2014-06-02,Mexico,Japan,3,0,0.9,True,world_cup
2014-06-02,Switzerland,Uruguay,1,2,0.9,True,world_cup
2014-06-02,Portugal,France,1,3,0.9,True,world_cup
2014-06-03,Japan,Poland,0,0,0.4,False,qualifier
2014-06-03,France,Portugal,4,0,0.9,True,world_cup
2014-06-03,Ecuador,Brazil,0,0,0.2,False,friendly
2014-06-03,Netherlands,USA,2,0,0.9,True,world_cup
2014-06-04,Portugal,USA,1,2,0.9,True,world_cup
2014-06-04,France,England,2,0,0.2,True,friendly
2014-06-04,Denmark,Uruguay,1,1,0.9,True,world_cup
2014-06-05,Brazil,Colombia,4,1,0.9,True,world_cup
2014-06-06,France,Mexico,4,1,0.9,True,world_cup
2014-06-06,Uruguay,France,0,1,0.9,True,world_cup
2014-06-07,England,France,2,0,0.9,True,world_cup
2014-06-07,Senegal,Switzerland,1,0,0.9,True,world_cup
2014-06-09,Netherlands,Italy,3,1,0.9,True,world_cup
2014-06-09,England,Senegal,0,0,0.9,True,world_cup
2014-06-09,England,Switzerland,1,0,0.9,True,world_cup
2014-06-10,Brazil,Serbia,5,0,0.9,True,world_cup
2014-06-10,Serbia,Denmark,0,1,0.9,True,world_cup
2014-06-11,Mexico,Italy,0,0,0.9,True,world_cup
2014-06-11,Brazil,Portugal,0,2,0.9,True,world_cup
2014-06-11,England,Denmark,3,0,0.4,False,qualifier
2014-06-11,Netherlands,France,0,2,0.9,True,world_cup
2014-06-11,Japan,Portugal,0,1,0.9,True,world_cup
2014-06-11,Japan,USA,3,2,0.9,True,world_cup
2014-06-12,Denmark,Senegal,0,1,0.9,True,world_cup
2014-06-12,Germany,Denmark,2,1,0.9,True,world_cup
2014-06-12,Brazil,Germany,2,0,0.9,True,world_cup
2014-06-12,Serbia,Senegal,0,1,0.9,True,world_cup
2014-06-13,France,Denmark,2,0,0.9,True,world_cup
2014-06-13,Denmark,France,1,3,0.9,True,world_cup
2014-06-13,Switzerland,USA,2,0,0.9,True,world_cup
2014-06-14,France,Denmark,2,3,0.9,True,world_cup
2014-06-14,Italy,Colombia,2,1,0.9,True,world_cup
2014-06-15,Portugal,USA,3,4,0.9,True,world_cup
2014-06-15,Germany,Brazil,0,5,0.9,True,world_cup
2014-06-15,Brazil,Germany,1,1,0.9,True,world_cup
2014-06-15,Denmark,Germany,1,2,0.9,True,world_cup
2014-06-16,Switzerland,Ecuador,4,2,0.4,False,qualifier
2014-06-16,Germany,Uruguay,1,2,0.9,True,world_cup
2014-06-16,Japan,France,1,5,0.9,True,world_cup
2014-06-17,France,Italy,2,0,0.9,True,world_cup
2014-06-17,USA,Senegal,0,1,0.9,True,world_cup
2014-06-18,Brazil,France,1,1,0.9,True,world_cup
2014-06-18,Brazil,Senegal,2,1,0.9,True,world_cup
2014-06-18,England,France,0,3,0.9,True,world_cup
2014-06-19,Brazil,Italy,1,2,0.9,True,world_cup
2014-06-20,Serbia,Germany,0,2,0.9,True,world_cup
2014-06-20,Croatia,Serbia,2,0,0.4,False,qualifier
2014-06-21,England,Serbia,3,4,0.9,True,world_cup
2014-06-21,Brazil,USA,2,0,0.9,True,world_cup
2014-06-21,Uruguay,USA,1,2,0.9,True,world_cup
2014-06-21,Brazil,Italy,2,1,0.9,True,world_cup
2014-06-21,Colombia,Portugal,0,1,0.9,True,world_cup
2014-06-21,Netherlands,Japan,2,1,0.9,True,world_cup
2014-06-22,Brazil,Switzerland,2,2,0.9,True,world_cup
2014-06-23,Italy,England,0,3,0.2,False,friendly
2014-06-23,Brazil,Portugal,1,2,0.9,True,world_cup
2014-06-23,Japan,France,2,4,0.9,True,world_cup
2014-06-23,Denmark,Italy,1,3,0.9,True,world_cup
2014-06-23,Serbia,USA,2,1,0.9,True,world_cup
2014-06-23,Senegal,Germany,3,1,0.9,True,world_cup
2014-06-24,Italy,USA,3,1,0.9,True,world_cup
2014-06-24,Denmark,Portugal,2,1,0.9,True,world_cup
2014-06-24,Mexico,France,0,1,0.9,True,world_cup
2014-06-24,Colombia,Switzerland,1,0,0.9,True,world_cup
2014-06-25,France,Mexico,2,0,0.9,True,world_cup
2014-06-27,Italy,Portugal,1,1,0.9,True,world_cup
2014-07-08,USA,Mexico,1,3,0.2,False,friendly
2014-07-08,USA,Mexico,0,2,0.7,True,continental
2014-07-20,France,Mexico,2,0,0.2,True,friendly
2014-07-21,Brazil,Croatia,4,0,0.7,False,continental
2014-07-22,Morocco,Germany,1,2,0.7,False,continental
2014-07-22,Serbia,Argentina,3,1,0.2,False,friendly
2014-07-24,England,Switzerland,4,0,0.2,False,friendly
2014-08-02,England,Colombia,1,0,0.4,False,qualifier
2014-08-04,Switzerland,Colombia,3,1,0.4,False,qualifier
2014-08-06,Spain,Brazil,0,2,0.4,False,qualifier
2014-08-08,Ecuador,Croatia,1,1,0.2,False,friendly
2014-08-09,Uruguay,Netherlands,0,1,0.4,False,qualifier
2014-08-10,Germany,Croatia,1,1,0.7,True,continental
2014-08-12,Switzerland,Serbia,3,0,0.2,True,friendly
2014-08-16,Senegal,USA,0,0,0.4,False,qualifier
2014-08-22,Poland,Morocco,2,1,0.4,False,qualifier
2014-08-24,Ghana,France,0,4,0.2,False,friendly
2014-09-03,Netherlands,Germany,2,3,0.4,False,qualifier
2014-09-16,Germany,Ecuador,3,0,0.7,False,continental
2014-09-19,Mexico,Spain,3,0,0.2,False,friendly
2014-09-25,Morocco,Ghana,2,4,0.2,False,friendly
2014-09-26,Mexico,Croatia,0,1,0.4,False,qualifier
2014-09-27,Switzerland,Japan,0,0,0.2,True,friendly
2014-10-02,USA,Germany,0,1,0.4,False,qualifier
2014-10-03,Portugal,USA,3,1,0.2,False,friendly
2014-10-05,Colombia,Ecuador,0,1,0.7,True,continental
2014-10-05,Ecuador,Italy,1,0,0.7,True,continental
2014-10-07,Argentina,Ecuador,0,1,0.7,True,continental
2014-10-11,Spain,Japan,1,0,0.4,False,qualifier
2014-10-20,Portugal,USA,2,0,0.2,False,friendly
2014-10-23,Senegal,Morocco,1,0,0.2,False,friendly
2014-10-23,Ghana,Senegal,4,0,0.4,False,qualifier
2014-10-23,Belgium,Serbia,1,0,0.7,True,continental
2014-10-23,Mexico,Portugal,7,1,0.4,False,qualifier
2014-11-02,Argentina,Ghana,2,0,0.4,False,qualifier
2014-11-04,England,Serbia,5,2,0.2,False,friendly
2014-11-07,Switzerland,England,0,1,0.7,True,continental
2014-11-08,Ghana,USA,0,3,0.4,False,qualifier
2014-11-09,Brazil,Netherlands,3,0,0.7,True,continental
2014-11-12,Poland,USA,0,0,0.7,False,continental
2014-11-12,Ghana,Switzerland,2,4,0.2,True,friendly
2014-11-13,Spain,Netherlands,3,0,0.4,False,qualifier
2014-11-17,Poland,Ecuador,3,1,0.2,False,friendly
2014-11-20,Netherlands,Croatia,1,1,0.4,False,qualifier
2014-11-20,Netherlands,Argentina,1,0,0.7,True,continental
2014-11-23,Portugal,Morocco,2,0,0.4,False,qualifier
2014-11-27,Denmark,Mexico,1,0,0.4,False,qualifier
2014-12-01,Italy,Switzerland,4,0,0.4,False,qualifier
2014-12-07,Japan,USA,1,0,0.2,True,friendly
2014-12-21,Poland,Mexico,1,1,0.2,True,friendly
2014-12-23,Colombia,Brazil,2,4,0.4,False,qualifier
2014-12-25,Japan,Germany,0,1,0.2,True,friendly
2014-12-26,Brazil,France,3,0,0.2,False,friendly
2014-12-27,Senegal,Switzerland,0,1,0.4,False,qualifier
2015-01-02,USA,Spain,0,4,0.7,False,continental
2015-01-03,Uruguay,Croatia,4,2,0.7,False,continental
2015-01-03,Senegal,Poland,2,0,0.2,False,friendly
2015-01-07,Switzerland,Mexico,0,0,0.2,True,friendly
2015-01-11,England,Ecuador,1,0,0.2,False,friendly
2015-01-11,Brazil,Switzerland,3,1,0.4,False,qualifier
2015-01-12,Belgium,Brazil,1,0,0.2,False,friendly
2015-01-14,Brazil,Senegal,3,1,0.2,True,friendly
2015-01-14,Japan,Serbia,1,1,0.2,False,friendly
2015-01-15,France,Italy,2,0,0.2,False,friendly
2015-01-16,Italy,Netherlands,1,2,0.4,False,qualifier
2015-01-18,Ecuador,Croatia,0,3,0.7,True,continental
2015-01-21,Switzerland,Serbia,2,0,0.2,False,friendly
2015-01-23,Netherlands,Poland,2,0,0.2,False,friendly
2015-01-23,Senegal,Morocco,1,3,0.4,False,qualifier
2015-02-02,Morocco,Argentina,0,1,0.4,False,qualifier
2015-02-06,Serbia,Germany,1,2,0.7,False,continental
2015-02-07,Spain,Ghana,1,1,0.4,False,qualifier
2015-02-08,Mexico,Colombia,1,3,0.2,True,friendly
2015-02-10,Colombia,Uruguay,1,3,0.2,True,friendly
2015-02-13,Denmark,Croatia,3,1,0.2,True,friendly
2015-02-13,Denmark,Japan,2,1,0.2,True,friendly
2015-02-23,Spain,Colombia,2,0,0.7,True,continental
2015-02-25,Croatia,Uruguay,1,1,0.2,True,friendly
2015-02-25,Ghana,Serbia,0,0,0.2,False,friendly
2015-02-27,Italy,England,1,2,0.7,True,continental
2015-02-27,Ecuador,Croatia,3,0,0.2,False,friendly
2015-03-11,France,Croatia,7,0,0.4,False,qualifier
2015-03-21,Germany,Portugal,1,2,0.4,False,qualifier
2015-03-26,Brazil,Colombia,1,1,0.7,True,continental
2015-04-06,Denmark,Argentina,1,5,0.4,False,qualifier
2015-04-06,Morocco,USA,1,2,0.4,False,qualifier
2015-04-09,Uruguay,Poland,5,0,0.4,False,qualifier
2015-04-16,Japan,Spain,3,2,0.7,False,continental
2015-04-19,Germany,Netherlands,1,4,0.4,False,qualifier
2015-04-20,Switzerland,Mexico,4,1,0.4,False,qualifier
2015-04-21,Spain,Brazil,1,1,0.7,False,continental
2015-04-21,England,USA,3,0,0.2,True,friendly
2015-04-22,Uruguay,Ecuador,1,1,0.2,False,friendly
2015-04-25,Colombia,Poland,4,0,0.2,False,friendly
2015-05-04,Italy,Morocco,0,0,0.2,True,friendly
2015-05-04,Switzerland,Mexico,1,0,0.4,False,qualifier
2015-05-05,Netherlands,England,4,1,0.4,False,qualifier
2015-05-06,Ecuador,Uruguay,0,3,0.2,False,friendly
2015-05-10,Netherlands,USA,5,2,0.2,False,friendly
2015-05-11,Brazil,France,0,1,0.2,False,friendly
2015-05-14,England,Poland,3,0,0.2,True,friendly
2015-05-17,Japan,France,0,3,0.7,True,continental
2015-05-17,Japan,Mexico,0,0,0.2,False,friendly
2015-05-20,Uruguay,Mexico,1,0,0.7,False,continental
2015-05-25,USA,France,0,3,0.7,True,continental
2015-05-26,Mexico,Belgium,0,2,0.4,False,qualifier
2015-06-02,Argentina,Ecuador,2,0,0.4,False,qualifier
2015-06-05,Belgium,Switzerland,1,0,0.7,True,continental
2015-06-07,Switzerland,Japan,1,0,0.2,False,friendly
2015-06-13,Japan,Germany,3,1,0.4,False,qualifier
2015-06-14,Ecuador,USA,1,2,0.2,True,friendly
2015-06-17,Denmark,Brazil,0,3,0.4,False,qualifier
2015-06-19,Mexico,Denmark,2,1,0.4,False,qualifier
2015-06-22,Argentina,Japan,1,1,0.4,False,qualifier
2015-06-23,Switzerland,Belgium,4,2,0.4,False,qualifier
2015-06-23,Poland,Senegal,1,2,0.2,False,friendly
2015-06-24,Croatia,Uruguay,3,5,0.4,False,qualifier
2015-06-25,England,Argentina,4,0,0.4,False,qualifier
2015-06-27,Colombia,Belgium,0,0,0.2,False,friendly
2015-07-02,Japan,Switzerland,1,0,0.4,False,qualifier
2015-07-10,Ecuador,Japan,5,1,0.4,False,qualifier
2015-07-14,Germany,Portugal,2,0,0.4,False,qualifier
2015-07-15,Portugal,Ecuador,1,0,0.7,True,continental
2015-07-18,Senegal,USA,1,2,0.4,False,qualifier
2015-07-20,Switzerland,Mexico,1,3,0.4,False,qualifier
2015-07-21,Uruguay,Ecuador,4,0,0.2,False,friendly
2015-07-22,Italy,Spain,2,1,0.7,False,continental
2015-07-27,Argentina,Brazil,1,2,0.7,True,continental
2015-08-02,Germany,Portugal,2,2,0.7,False,continental
2015-08-03,Senegal,Denmark,1,2,0.2,False,friendly
2015-08-04,Italy,Senegal,0,1,0.4,False,qualifier
2015-08-13,Italy,Brazil,2,2,0.2,False,friendly
2015-08-14,Germany,Japan,6,0,0.4,False,qualifier
2015-08-16,Ghana,Brazil,0,3,0.7,False,continental
2015-08-16,Japan,Senegal,0,2,0.2,False,friendly
2015-08-18,Uruguay,Denmark,2,2,0.2,True,friendly
2015-08-26,Portugal,Poland,1,1,0.4,False,qualifier
2015-09-03,Ecuador,Croatia,1,1,0.2,True,friendly
2015-09-05,Denmark,Morocco,4,0,0.2,True,friendly
2015-09-06,Italy,France,0,3,0.2,True,friendly
2015-09-09,Colombia,Mexico,2,1,0.4,False,qualifier
2015-09-10,Poland,England,0,2,0.7,True,continental
2015-09-11,England,Germany,3,0,0.4,False,qualifier
2015-09-13,Switzerland,Belgium,1,1,0.2,True,friendly
2015-09-15,Ecuador,Spain,0,1,0.7,False,continental
2015-09-16,Mexico,Spain,0,1,0.4,False,qualifier
2015-09-18,Germany,Netherlands,1,0,0.4,False,qualifier
2015-09-22,Portugal,Spain,5,5,0.2,False,friendly
2015-09-24,Morocco,USA,0,3,0.7,False,continental
2015-09-27,Mexico,England,1,0,0.4,False,qualifier
2015-09-27,Denmark,Belgium,0,1,0.2,True,friendly
2015-10-01,Italy,Spain,2,0,0.2,True,friendly
2015-10-02,Ecuador,Mexico,1,3,0.7,True,continental
2015-10-12,Poland,Spain,0,0,0.4,False,qualifier
2015-10-13,Senegal,Switzerland,3,2,0.2,False,friendly
2015-10-14,Spain,France,3,2,0.7,False,continental
2015-10-16,Mexico,Italy,1,1,0.2,True,friendly
2015-10-18,Netherlands,Italy,0,0,0.2,True,friendly
2015-10-19,Japan,Senegal,0,0,0.2,False,friendly
2015-11-03,Morocco,Ecuador,1,0,0.2,True,friendly
2015-11-05,Denmark,Serbia,1,3,0.4,False,qualifier
2015-11-16,Ecuador,Senegal,0,0,0.2,True,friendly
2015-11-17,Portugal,Italy,3,1,0.2,False,friendly
2015-11-23,Uruguay,France,2,2,0.4,False,qualifier
2015-12-01,Morocco,Croatia,0,1,0.4,False,qualifier
2015-12-08,Mexico,Denmark,4,0,0.4,False,qualifier
2015-12-09,Serbia,Denmark,1,1,0.2,False,friendly
2015-12-15,Morocco,Ghana,0,0,0.2,True,friendly
2015-12-15,Ecuador,Spain,1,1,0.4,False,qualifier
2015-12-17,Colombia,Germany,0,1,0.2,True,friendly
2015-12-20,Brazil,Mexico,1,0,0.2,True,friendly
2015-12-21,Italy,Brazil,3,3,0.2,False,friendly
2015-12-23,Japan,Switzerland,4,2,0.7,False,continental
2015-12-26,Netherlands,Poland,1,1,0.2,True,friendly
2016-01-07,Italy,England,2,3,0.4,False,qualifier
2016-01-09,Morocco,Senegal,1,1,0.2,False,friendly
2016-01-14,Netherlands,Switzerland,5,2,0.4,False,qualifier
2016-01-14,Belgium,Italy,3,1,0.2,False,friendly
2016-01-15,England,Ghana,1,1,0.7,False,continental
2016-01-15,USA,Switzerland,1,0,0.2,True,friendly
2016-01-22,Argentina,Germany,1,1,0.4,False,qualifier
2016-01-22,Portugal,Belgium,3,1,0.4,False,qualifier
2016-01-24,Poland,Denmark,1,2,0.4,False,qualifier
2016-02-01,Spain,Croatia,2,4,0.7,True,continental
2016-02-02,Spain,Belgium,1,1,0.4,False,qualifier
2016-02-04,Senegal,Japan,1,1,0.2,False,friendly
2016-02-04,Croatia,Netherlands,1,4,0.7,False,continental
2016-02-09,Italy,Brazil,1,0,0.4,False,qualifier
2016-02-11,Ghana,Germany,2,2,0.4,False,qualifier
2016-02-13,England,Uruguay,2,2,0.4,False,qualifier
2016-02-14,Denmark,Germany,1,1,0.2,False,friendly
2016-02-17,Switzerland,Croatia,2,0,0.4,False,qualifier
2016-02-20,Ecuador,France,0,1,0.7,False,continental
2016-02-22,Portugal,France,0,1,0.2,True,friendly
2016-02-25,Spain,Croatia,4,2,0.4,False,qualifier
2016-03-02,Poland,Mexico,2,2,0.4,False,qualifier
2016-03-06,Ecuador,Spain,2,3,0.7,True,continental
2016-03-07,Belgium,Portugal,1,1,0.2,True,friendly
2016-03-08,USA,France,1,1,0.7,True,continental
2016-03-09,Denmark,Ecuador,1,3,0.2,False,friendly
2016-03-09,Spain,Portugal,4,1,0.7,True,continental
2016-03-21,Germany,Italy,4,0,0.2,False,friendly
2016-03-23,Poland,Serbia,1,3,0.7,False,continental
2016-04-09,Colombia,USA,2,2,0.2,False,friendly
2016-04-11,Senegal,Belgium,3,1,0.4,False,qualifier
2016-04-12,Poland,Brazil,0,0,0.2,False,friendly
2016-04-14,France,Denmark,1,1,0.7,True,continental
2016-04-15,Mexico,Germany,1,1,0.4,False,qualifier
2016-04-17,Colombia,Switzerland,0,2,0.2,True,friendly
2016-04-18,Morocco,Brazil,0,3,0.2,False,friendly
2016-04-21,Spain,Switzerland,1,1,0.2,False,friendly
2016-04-26,Ecuador,Argentina,0,1,0.2,False,friendly
2016-04-27,Colombia,Portugal,2,2,0.2,False,friendly
2016-05-02,Mexico,Switzerland,1,3,0.4,False,qualifier
2016-05-03,England,Argentina,4,3,0.4,False,qualifier
2016-05-03,Japan,Senegal,1,1,0.4,False,qualifier
2016-05-09,Portugal,Uruguay,2,2,0.2,False,friendly
2016-05-13,Portugal,Argentina,2,1,0.7,True,continental
2016-05-14,Netherlands,Portugal,1,2,0.4,False,qualifier
2016-05-14,Italy,Netherlands,4,1,0.2,False,friendly
2016-05-16,Mexico,Germany,2,3,0.4,False,qualifier
2016-05-16,Serbia,England,0,1,0.4,False,qualifier
2016-05-16,Brazil,England,1,1,0.4,False,qualifier
2016-05-18,Switzerland,Portugal,2,0,0.2,False,friendly
2016-05-19,Uruguay,Netherlands,1,1,0.7,False,continental
2016-05-22,Poland,Switzerland,1,2,0.4,False,qualifier
2016-05-26,USA,Ecuador,1,1,0.2,False,friendly
2016-06-02,Serbia,Colombia,2,1,0.7,False,continental
2016-06-06,Ghana,USA,2,2,0.4,False,qualifier
2016-06-11,Serbia,Italy,1,2,0.4,False,qualifier
2016-06-13,Brazil,Netherlands,0,2,0.2,True,friendly
2016-06-14,Poland,Portugal,3,3,0.7,False,continental
2016-06-23,Portugal,USA,0,0,0.7,False,continental
2016-06-25,France,Belgium,1,0,0.4,False,qualifier
2016-06-26,Denmark,Spain,1,3,0.2,True,friendly
2016-07-03,Mexico,Uruguay,2,1,0.4,False,qualifier
2016-07-05,Argentina,Italy,2,3,0.7,True,continental
2016-07-05,Switzerland,Colombia,1,1,0.2,True,friendly
2016-07-07,Mexico,Senegal,1,1,0.2,True,friendly
2016-07-07,Senegal,Argentina,0,4,0.2,True,friendly
2016-07-10,Argentina,Poland,1,0,0.2,True,friendly
2016-07-14,Morocco,Poland,1,0,0.2,True,friendly
2016-07-19,Denmark,Uruguay,2,2,0.2,False,friendly
2016-07-24,Japan,Senegal,3,2,0.7,True,continental
2016-07-26,Belgium,Morocco,3,0,0.2,False,friendly
2016-07-27,Mexico,Portugal,2,1,0.7,True,continental
2016-08-02,Serbia,USA,1,2,0.2,True,friendly
2016-08-07,Morocco,USA,1,1,0.4,False,qualifier
2016-08-11,Serbia,Ghana,3,2,0.2,True,friendly
2016-08-11,Portugal,Brazil,2,2,0.7,True,continental
2016-08-12,Portugal,Poland,1,2,0.4,False,qualifier
2016-08-13,Senegal,Morocco,2,0,0.7,True,continental
2016-08-13,Mexico,Croatia,1,1,0.2,True,friendly
2016-08-13,Argentina,Netherlands,1,1,0.2,True,friendly
2016-08-19,Switzerland,Italy,0,2,0.4,False,qualifier
2016-08-25,France,Serbia,4,1,0.2,True,friendly
2016-08-27,Spain,Italy,1,1,0.7,True,continental
2016-09-03,Serbia,Netherlands,0,0,0.2,True,friendly
2016-09-05,Mexico,France,1,1,0.4,False,qualifier
2016-09-06,Morocco,Belgium,0,1,0.4,False,qualifier
2016-09-13,Serbia,France,0,2,0.2,False,friendly
2016-09-15,Ghana,England,2,4,0.2,True,friendly
2016-09-19,Portugal,Senegal,2,1,0.7,True,continental
2016-09-22,Portugal,Serbia,1,2,0.2,True,friendly
2016-09-23,Denmark,Mexico,1,3,0.2,False,friendly
2016-09-27,France,Italy,4,1,0.2,False,friendly
2016-10-10,Poland,Germany,3,2,0.4,False,qualifier
2016-10-14,Argentina,England,1,0,0.7,False,continental
2016-10-16,Switzerland,Poland,2,2,0.2,False,friendly
2016-10-16,Switzerland,Spain,0,0,0.2,False,friendly
2016-10-18,Japan,Switzerland,0,3,0.2,True,friendly
2016-10-24,Japan,Mexico,0,2,0.7,True,continental
2016-11-06,Poland,Ghana,2,0,0.4,False,qualifier
2016-11-09,Morocco,Mexico,1,2,0.2,True,friendly
2016-11-11,Japan,Croatia,3,1,0.4,False,qualifier
2016-11-16,Brazil,Italy,3,0,0.4,False,qualifier
2016-11-18,Argentina,Japan,4,0,0.2,False,friendly
2016-11-20,Germany,Spain,6,0,0.4,False,qualifier
2016-11-26,Netherlands,Denmark,2,2,0.2,False,friendly
2016-11-26,Senegal,England,2,2,0.4,False,qualifier
2016-11-26,Mexico,Switzerland,2,2,0.2,True,friendly
2016-12-03,Poland,Senegal,0,0,0.4,False,qualifier
2016-12-03,Ghana,USA,2,1,0.2,False,friendly
2016-12-03,Mexico,Morocco,1,0,0.4,False,qualifier
2016-12-05,Denmark,Ecuador,2,3,0.4,False,qualifier
2016-12-06,Belgium,Colombia,1,1,0.7,False,continental
2016-12-09,Japan,USA,1,1,0.2,False,friendly
2016-12-11,Serbia,France,1,1,0.7,True,continental
2016-12-14,USA,Croatia,0,2,0.4,False,qualifier
2016-12-15,USA,Netherlands,2,1,0.2,False,friendly
2016-12-21,Netherlands,England,0,3,0.2,False,friendly
2016-12-23,Ecuador,England,2,1,0.4,False,qualifier
2016-12-24,Uruguay,Japan,2,0,0.4,False,qualifier
2016-12-25,Japan,Ecuador,3,2,0.2,True,friendly
2017-01-03,Denmark,Japan,1,1,0.7,False,continental
2017-01-07,Colombia,Italy,2,0,0.7,True,continental
2017-01-09,Spain,Poland,3,1,0.4,False,qualifier
2017-01-12,Senegal,Japan,0,0,0.7,True,continental
2017-01-14,Japan,Morocco,3,2,0.7,True,continental
2017-01-17,Spain,Portugal,2,0,0.2,False,friendly
2017-01-20,Serbia,Morocco,1,1,0.4,False,qualifier
2017-02-01,France,Serbia,2,2,0.2,False,friendly
2017-02-05,Portugal,Spain,1,1,0.7,True,continental
2017-02-07,England,Poland,2,0,0.7,True,continental
2017-02-10,Switzerland,Mexico,3,2,0.7,False,continental
2017-02-12,Morocco,Colombia,1,3,0.4,False,qualifier
2017-02-18,Ecuador,Portugal,0,2,0.2,True,friendly
2017-02-19,USA,Italy,0,0,0.2,False,friendly
2017-02-20,Belgium,USA,1,2,0.4,False,qualifier
2017-02-21,Brazil,England,2,2,0.4,False,qualifier
2017-02-23,Croatia,Netherlands,1,2,0.4,False,qualifier
2017-02-27,England,Serbia,3,0,0.4,False,qualifier
2017-02-27,Italy,Mexico,1,1,0.4,False,qualifier
2017-03-04,Spain,Portugal,2,1,0.7,True,continental
2017-03-09,Ghana,Argentina,2,0,0.2,True,friendly
2017-03-10,England,Netherlands,1,1,0.2,True,friendly
2017-03-18,Croatia,Serbia,1,3,0.4,False,qualifier
2017-03-19,Serbia,Uruguay,1,0,0.7,True,continental
2017-03-21,Morocco,Uruguay,1,1,0.2,True,friendly
2017-03-22,Portugal,Belgium,0,3,0.4,False,qualifier
2017-03-25,Spain,USA,2,0,0.2,True,friendly
2017-04-01,Colombia,Mexico,2,2,0.4,False,qualifier
2017-04-02,Uruguay,Japan,6,2,0.7,False,continental
2017-04-11,Japan,Argentina,0,1,0.4,False,qualifier
2017-04-21,Ghana,Portugal,0,1,0.7,True,continental
2017-04-22,Croatia,Japan,3,0,0.4,False,qualifier
2017-05-02,Argentina,Ghana,0,1,0.4,False,qualifier
2017-05-04,Spain,Belgium,0,1,0.2,False,friendly
2017-05-07,Japan,Serbia,1,2,0.4,False,qualifier
2017-05-11,Spain,France,1,1,0.2,True,friendly
2017-05-12,Denmark,Croatia,2,2,0.2,False,friendly
2017-05-14,Japan,England,2,2,0.4,False,qualifier
2017-05-18,Ghana,France,0,2,0.2,True,friendly
2017-05-22,Portugal,Colombia,3,2,0.4,False,qualifier
2017-05-25,Ghana,Germany,1,0,0.2,False,friendly
2017-06-09,Portugal,Germany,0,4,0.7,True,continental
2017-06-12,Switzerland,Poland,1,0,0.2,True,friendly
2017-06-12,Italy,Denmark,2,0,0.2,False,friendly
2017-06-12,Colombia,Belgium,1,0,0.2,True,friendly
2017-06-17,Brazil,Ghana,5,1,0.7,False,continental
2017-06-20,USA,Mexico,2,2,0.7,False,continental
2017-06-22,Germany,France,0,0,0.4,False,qualifier
2017-06-23,Argentina,Switzerland,1,0,0.7,True,continental
2017-06-23,Brazil,Croatia,5,1,0.4,False,qualifier
2017-06-24,Senegal,Denmark,2,5,0.4,False,qualifier
2017-06-26,Poland,Italy,0,2,0.4,False,qualifier
2017-07-02,Germany,Belgium,3,1,0.4,False,qualifier
2017-07-05,Senegal,Netherlands,0,0,0.4,False,qualifier
2017-07-06,Mexico,Morocco,2,0,0.4,False,qualifier
2017-07-08,France,Switzerland,1,0,0.2,True,friendly
2017-07-10,Mexico,Poland,2,0,0.7,True,continental
2017-07-11,Denmark,Croatia,1,0,0.7,True,continental
2017-07-14,USA,Uruguay,0,2,0.2,True,friendly
2017-07-18,Senegal,Uruguay,0,4,0.2,False,friendly
2017-07-19,Uruguay,Morocco,2,2,0.7,False,continental
2017-07-19,Croatia,USA,0,0,0.7,True,continental
2017-07-22,Poland,Brazil,3,1,0.2,False,friendly
2017-07-23,Croatia,France,0,2,0.2,True,friendly
2017-07-26,England,Mexico,3,1,0.7,False,continental
2017-08-03,England,France,1,1,0.2,True,friendly
2017-08-04,Argentina,Uruguay,1,0,0.4,False,qualifier
2017-08-05,Switzerland,Portugal,1,1,0.4,False,qualifier
2017-08-07,Belgium,Ghana,1,0,0.2,False,friendly
2017-08-11,Denmark,Germany,2,3,0.2,True,friendly
2017-08-11,Colombia,USA,3,2,0.2,False,friendly
2017-08-13,Uruguay,Croatia,2,1,0.4,False,qualifier
2017-08-15,Mexico,Brazil,1,3,0.2,False,friendly
2017-08-15,Switzerland,Ecuador,4,1,0.4,False,qualifier
2017-08-21,Argentina,Serbia,0,0,0.7,False,continental
2017-09-02,Poland,Colombia,1,1,0.2,False,friendly
2017-09-02,Ecuador,Poland,0,1,0.2,True,friendly
2017-09-06,Switzerland,England,2,5,0.7,True,continental
2017-09-07,Serbia,Morocco,1,1,0.2,False,friendly
2017-09-09,Denmark,USA,2,1,0.4,False,qualifier
2017-09-12,Switzerland,Netherlands,3,3,0.2,True,friendly
2017-09-17,Senegal,Serbia,0,1,0.7,True,continental
2017-09-23,Uruguay,Croatia,1,2,0.4,False,qualifier
2017-09-24,Brazil,Poland,3,0,0.4,False,qualifier
2017-10-02,USA,Uruguay,4,2,0.4,False,qualifier
2017-10-02,England,Japan,3,2,0.4,False,qualifier
2017-10-02,Japan,Mexico,2,1,0.4,False,qualifier
2017-10-07,Mexico,Morocco,2,2,0.4,False,qualifier
2017-10-07,France,Senegal,0,0,0.4,False,qualifier
2017-10-10,Serbia,Croatia,1,4,0.7,True,continental
2017-10-13,Uruguay,Belgium,0,0,0.4,False,qualifier
2017-10-15,Croatia,Spain,0,1,0.4,False,qualifier
2017-10-16,Portugal,Argentina,0,1,0.7,True,continental
2017-10-16,Serbia,Portugal,3,4,0.4,False,qualifier
2017-10-18,Ecuador,Mexico,0,1,0.4,False,qualifier
2017-10-21,France,Ecuador,4,1,0.2,False,friendly
2017-10-22,England,Japan,4,1,0.2,False,friendly
2017-10-24,Netherlands,France,0,0,0.2,True,friendly
2017-10-27,Italy,Belgium,2,2,0.4,False,qualifier
2017-11-06,Japan,England,0,6,0.2,False,friendly
2017-11-06,Switzerland,Poland,1,1,0.4,False,qualifier
2017-11-10,Netherlands,England,1,0,0.2,False,friendly
2017-11-14,Senegal,Netherlands,4,3,0.2,False,friendly
2017-11-14,Netherlands,Ecuador,1,0,0.2,True,friendly
2017-11-15,Belgium,Poland,4,1,0.4,False,qualifier
2017-11-17,England,Japan,2,0,0.2,True,friendly
2017-11-18,Italy,Germany,1,0,0.7,False,continental
2017-11-19,Portugal,Morocco,0,2,0.2,True,friendly
2017-11-23,Serbia,Ghana,1,1,0.2,False,friendly
2017-11-27,Mexico,France,1,3,0.4,False,qualifier
2017-12-01,Switzerland,Denmark,0,1,0.2,False,friendly
2017-12-02,Ghana,Ecuador,2,1,0.4,False,qualifier
2017-12-02,Brazil,Germany,3,1,0.2,True,friendly
2017-12-07,Serbia,Argentina,1,1,0.4,False,qualifier
2017-12-07,USA,Serbia,1,1,0.4,False,qualifier
2017-12-13,Ecuador,Senegal,2,1,0.2,False,friendly
2017-12-15,Netherlands,Senegal,1,0,0.2,False,friendly
2017-12-22,Netherlands,Mexico,0,0,0.7,True,continental
2017-12-25,Netherlands,Senegal,1,1,0.2,True,friendly
2017-12-25,Serbia,England,1,2,0.2,True,friendly
2018-01-07,Belgium,Serbia,2,1,0.2,False,friendly
2018-01-11,Mexico,Belgium,0,0,0.2,False,friendly
2018-01-14,Serbia,Belgium,1,2,0.4,False,qualifier
2018-01-15,Germany,Poland,3,1,0.4,False,qualifier
2018-01-15,Uruguay,Belgium,0,1,0.2,True,friendly
2018-01-22,USA,Brazil,0,1,0.2,False,friendly
2018-01-23,Poland,Germany,1,2,0.2,True,friendly
2018-01-24,Switzerland,Poland,4,1,0.4,False,qualifier
2018-01-24,Spain,Senegal,0,0,0.4,False,qualifier
2018-01-27,Argentina,Japan,2,1,0.4,False,qualifier
2018-01-27,Brazil,Netherlands,1,3,0.4,False,qualifier
2018-02-06,Spain,Mexico,1,4,0.2,True,friendly
2018-02-09,Ghana,England,0,1,0.4,False,qualifier
2018-02-17,Mexico,Ecuador,0,1,0.4,False,qualifier
2018-02-17,Germany,Denmark,2,2,0.4,False,qualifier
2018-02-20,Portugal,France,2,0,0.2,False,friendly
2018-02-25,Brazil,USA,4,0,0.2,False,friendly
2018-03-01,Argentina,Germany,2,2,0.2,True,friendly
2018-03-05,Germany,Ecuador,8,0,0.4,False,qualifier
2018-03-06,Ghana,Mexico,1,2,0.2,True,friendly
2018-03-09,Netherlands,Ghana,3,0,0.4,False,qualifier
2018-03-09,Croatia,France,1,0,0.4,False,qualifier
2018-03-14,Switzerland,Brazil,3,2,0.2,True,friendly
2018-03-16,Croatia,Japan,2,0,0.2,True,friendly
2018-03-17,USA,Croatia,0,4,0.2,True,friendly
2018-03-20,Japan,Netherlands,0,0,0.7,True,continental
2018-03-21,Senegal,Argentina,0,0,0.4,False,qualifier
2018-03-25,Netherlands,Portugal,0,1,0.4,False,qualifier
2018-03-25,Switzerland,Argentina,2,2,0.4,False,qualifier
2018-04-07,Croatia,Uruguay,2,3,0.7,True,continental
2018-04-21,England,Senegal,2,2,0.2,False,friendly
2018-04-23,Serbia,Mexico,0,3,0.4,False,qualifier
2018-04-26,England,Ghana,5,0,0.2,False,friendly
2018-04-27,Germany,Netherlands,2,2,0.4,False,qualifier
2018-05-03,Croatia,France,1,2,0.2,False,friendly
2018-05-04,Netherlands,Colombia,3,1,0.7,False,continental
2018-05-07,Mexico,Croatia,3,2,0.4,False,qualifier
2018-05-11,Mexico,France,0,2,0.4,False,qualifier
2018-05-12,Croatia,Ecuador,2,0,0.2,False,friendly
2018-05-18,Serbia,France,1,2,0.2,False,friendly
2018-05-20,Argentina,Morocco,1,1,0.4,False,qualifier
2018-05-21,Croatia,Morocco,2,2,0.2,True,friendly
2018-05-26,Germany,Serbia,0,2,0.2,True,friendly
2018-05-27,France,Croatia,1,0,0.4,False,qualifier
2018-06-01,Ghana,Argentina,2,1,0.9,True,world_cup
2018-06-01,Japan,USA,2,1,0.9,True,world_cup
2018-06-01,Spain,Argentina,0,0,0.9,True,world_cup
2018-06-01,USA,Brazil,0,3,0.9,True,world_cup
2018-06-01,Ecuador,Belgium,3,3,0.9,True,world_cup
2018-06-02,USA,Brazil,0,1,0.9,True,world_cup
2018-06-02,France,Morocco,2,1,0.9,True,world_cup
2018-06-02,USA,Switzerland,0,4,0.2,True,friendly
2018-06-02,Japan,Ghana,0,2,0.9,True,world_cup
2018-06-03,Ghana,Uruguay,0,3,0.2,True,friendly
2018-06-03,Denmark,Argentina,3,1,0.9,True,world_cup
2018-06-03,USA,Spain,3,0,0.9,True,world_cup
2018-06-03,Morocco,Ghana,1,1,0.9,True,world_cup
2018-06-04,Ecuador,Belgium,0,0,0.9,True,world_cup
2018-06-05,Ghana,Argentina,2,2,0.7,False,continental
2018-06-05,Portugal,Ghana,1,0,0.9,True,world_cup
2018-06-05,USA,Japan,2,1,0.9,True,world_cup
2018-06-05,France,Belgium,1,1,0.9,True,world_cup
2018-06-05,England,Argentina,1,1,0.9,True,world_cup
2018-06-06,Brazil,Portugal,3,0,0.9,True,world_cup
2018-06-07,France,Ecuador,2,0,0.9,True,world_cup
2018-06-07,France,Ghana,4,0,0.9,True,world_cup
2018-06-08,Morocco,Belgium,0,2,0.9,True,world_cup
2018-06-08,England,Belgium,0,1,0.9,True,world_cup
2018-06-09,Poland,Japan,1,1,0.9,True,world_cup
2018-06-09,Morocco,Germany,1,0,0.9,True,world_cup
2018-06-09,France,USA,3,0,0.9,True,world_cup
2018-06-11,Denmark,Morocco,1,0,0.9,True,world_cup
2018-06-11,Germany,Portugal,1,1,0.9,True,world_cup
2018-06-11,France,Poland,3,0,0.9,True,world_cup
2018-06-11,Denmark,Poland,1,1,0.9,True,world_cup
2018-06-11,Spain,England,3,0,0.9,True,world_cup
2018-06-12,Croatia,Germany,0,1,0.9,True,world_cup
2018-06-12,England,France,1,0,0.9,True,world_cup
2018-06-13,Argentina,Japan,1,0,0.9,True,world_cup
2018-06-13,Spain,England,1,0,0.9,True,world_cup
2018-06-13,Argentina,Switzerland,2,0,0.2,False,friendly
2018-06-13,Germany,Japan,1,1,0.9,True,world_cup
2018-06-14,Portugal,Colombia,1,1,0.7,True,continental
2018-06-14,Belgium,Brazil,1,2,0.9,True,world_cup
2018-06-15,Ghana,USA,1,2,0.9,True,world_cup
2018-06-15,USA,Croatia,0,3,0.9,True,world_cup
2018-06-16,Denmark,Ghana,3,0,0.9,True,world_cup
2018-06-16,Germany,USA,1,0,0.9,True,world_cup
2018-06-17,Belgium,France,2,0,0.9,True,world_cup
2018-06-17,Argentina,Germany,1,2,0.9,True,world_cup
2018-06-17,Belgium,Spain,2,3,0.9,True,world_cup
2018-06-17,USA,Denmark,2,2,0.9,True,world_cup
2018-06-18,USA,Brazil,3,3,0.9,True,world_cup
2018-06-18,France,Ecuador,1,2,0.9,True,world_cup
2018-06-18,Ghana,Argentina,1,1,0.9,True,world_cup
2018-06-19,Argentina,Denmark,1,0,0.9,True,world_cup
2018-06-19,USA,Germany,1,1,0.9,True,world_cup
2018-06-20,Poland,Argentina,1,0,0.9,True,world_cup
2018-06-20,Morocco,USA,2,3,0.9,True,world_cup
2018-06-20,USA,Ghana,0,0,0.9,True,world_cup
2018-06-22,Brazil,Croatia,1,0,0.9,True,world_cup
2018-06-22,Argentina,Morocco,2,2,0.9,True,world_cup
2018-06-22,Portugal,Germany,1,1,0.9,True,world_cup
2018-06-22,Portugal,Poland,1,0,0.9,True,world_cup
2018-06-23,Brazil,Japan,2,0,0.9,True,world_cup
2018-06-23,Japan,Ghana,1,1,0.9,True,world_cup
2018-06-23,England,Brazil,3,1,0.9,True,world_cup
2018-06-23,USA,Morocco,1,0,0.9,True,world_cup
2018-06-24,Uruguay,Italy,3,1,0.2,False,friendly
2018-06-24,Morocco,Japan,2,0,0.9,True,world_cup
2018-06-25,Belgium,USA,1,0,0.9,True,world_cup
2018-06-26,Argentina,USA,2,2,0.9,True,world_cup
2018-06-27,Ecuador,Germany,1,1,0.9,True,world_cup
2018-06-27,France,USA,4,1,0.9,True,world_cup
2018-06-27,Belgium,Serbia,1,1,0.7,False,continental
2018-07-01,France,Poland,3,1,0.2,True,friendly
2018-07-06,Croatia,Netherlands,3,2,0.2,False,friendly
2018-07-10,USA,Ghana,0,2,0.7,True,continental
2018-07-10,Colombia,Morocco,0,1,0.2,True,friendly
2018-07-18,Spain,Croatia,4,1,0.4,False,qualifier
2018-07-19,USA,Brazil,0,5,0.2,False,friendly
2018-07-23,France,Poland,3,1,0.2,False,friendly
2018-07-24,Uruguay,Italy,4,0,0.4,False,qualifier
2018-07-25,Poland,Croatia,1,2,0.7,True,continental
2018-07-27,Spain,Ecuador,3,0,0.2,False,friendly
2018-07-27,Spain,Switzerland,2,1,0.2,False,friendly
2018-08-01,Senegal,France,0,3,0.4,False,qualifier
2018-08-03,Croatia,Ghana,2,1,0.4,False,qualifier
2018-08-06,Morocco,Portugal,0,2,0.7,True,continental
2018-08-08,Germany,Netherlands,4,0,0.7,True,continental
2018-08-08,France,Switzerland,2,2,0.7,True,continental
2018-08-11,England,Ghana,2,0,0.2,True,friendly
2018-08-15,Colombia,Croatia,0,2,0.2,True,friendly
2018-08-15,England,USA,3,1,0.2,False,friendly
2018-08-16,Croatia,Spain,0,0,0.2,False,friendly
2018-08-18,Poland,Brazil,0,0,0.2,True,friendly
2018-08-19,Japan,France,0,1,0.7,True,continental
2018-08-20,Denmark,USA,2,0,0.2,False,friendly
2018-08-20,Serbia,Colombia,2,1,0.4,False,qualifier
2018-08-21,France,Portugal,6,0,0.2,False,friendly
2018-08-22,England,Switzerland,1,0,0.4,False,qualifier
2018-08-25,France,Denmark,3,0,0.2,False,friendly
2018-08-27,Ecuador,Senegal,1,2,0.4,False,qualifier
2018-09-03,Spain,Belgium,0,2,0.2,False,friendly
2018-09-10,Croatia,USA,1,1,0.4,False,qualifier
2018-09-11,Croatia,Ecuador,5,1,0.2,False,friendly
2018-09-12,USA,Senegal,1,1,0.4,False,qualifier
2018-09-12,Switzerland,Serbia,0,1,0.7,False,continental
2018-09-14,Japan,Italy,1,4,0.4,False,qualifier
2018-09-17,Ghana,Croatia,0,1,0.4,False,qualifier
2018-09-21,Germany,Portugal,3,2,0.4,False,qualifier
2018-09-23,Japan,Denmark,0,2,0.7,True,continental
2018-09-26,Portugal,Japan,3,2,0.2,False,friendly
2018-10-03,Denmark,Serbia,1,1,0.4,False,qualifier
2018-10-03,Croatia,Ecuador,1,0,0.4,False,qualifier
2018-10-05,Spain,Colombia,1,0,0.2,True,friendly
2018-10-05,Spain,England,0,0,0.7,True,continental
2018-10-09,Colombia,Senegal,2,1,0.2,False,friendly
2018-10-13,Ecuador,Switzerland,2,2,0.2,True,friendly
2018-10-18,Serbia,Netherlands,1,2,0.4,False,qualifier
2018-10-20,Ghana,Uruguay,3,1,0.4,False,qualifier
2018-10-20,Senegal,Colombia,1,0,0.2,True,friendly
2018-11-02,Netherlands,Uruguay,3,2,0.4,False,qualifier
2018-11-03,Ecuador,Colombia,4,1,0.4,False,qualifier
2018-11-06,Croatia,Mexico,1,1,0.4,False,qualifier
2018-11-08,Belgium,Germany,2,1,0.2,False,friendly
2018-11-09,Spain,Ecuador,2,2,0.2,True,friendly
2018-11-12,Serbia,Denmark,0,7,0.2,False,friendly
2018-11-17,USA,England,0,2,0.4,False,qualifier
2018-11-21,Portugal,Spain,3,1,0.2,True,friendly
2018-11-25,Colombia,Poland,0,0,0.4,False,qualifier
2018-11-26,Italy,Denmark,2,0,0.7,True,continental
2018-11-26,Argentina,Serbia,1,0,0.2,True,friendly
2018-12-06,France,Uruguay,1,1,0.4,False,qualifier
2018-12-06,Serbia,Japan,1,4,0.4,False,qualifier
2018-12-06,Mexico,Poland,3,1,0.4,False,qualifier
2018-12-08,Poland,Ecuador,1,1,0.4,False,qualifier
2018-12-10,Uruguay,Switzerland,0,1,0.7,True,continental
2018-12-17,Serbia,France,0,0,0.2,True,friendly
2018-12-19,Mexico,France,0,2,0.2,True,friendly
2018-12-25,Morocco,Mexico,0,3,0.7,True,continental
2018-12-25,Denmark,USA,1,4,0.2,False,friendly
2018-12-26,Croatia,Japan,2,1,0.4,False,qualifier
2018-12-27,Uruguay,Senegal,5,0,0.4,False,qualifier
2019-01-02,Japan,Serbia,2,0,0.7,False,continental
2019-01-12,Argentina,Brazil,3,2,0.2,False,friendly
2019-01-13,Netherlands,USA,1,0,0.2,False,friendly
2019-01-14,Colombia,Belgium,1,1,0.4,False,qualifier
2019-01-15,Brazil,Uruguay,3,1,0.4,False,qualifier
2019-01-18,Uruguay,England,2,2,0.4,False,qualifier
2019-01-21,Japan,Germany,1,6,0.4,False,qualifier
2019-01-23,Argentina,Poland,3,0,0.7,False,continental
2019-01-26,Argentina,Portugal,0,1,0.2,True,friendly
2019-02-03,Morocco,Poland,0,2,0.2,False,friendly
2019-02-07,Colombia,France,0,7,0.2,False,friendly
2019-02-09,Portugal,Mexico,4,1,0.4,False,qualifier
2019-02-11,England,Senegal,3,0,0.7,True,continental
2019-02-20,USA,Ghana,1,2,0.4,False,qualifier
2019-02-20,Brazil,Netherlands,0,1,0.4,False,qualifier
2019-02-25,Mexico,France,0,3,0.4,False,qualifier
2019-02-25,England,Mexico,1,2,0.4,False,qualifier
2019-03-04,Switzerland,Uruguay,1,1,0.4,False,qualifier
2019-03-08,Poland,Uruguay,2,2,0.4,False,qualifier
2019-03-12,Colombia,Uruguay,3,2,0.2,False,friendly
2019-03-21,Ecuador,Croatia,1,0,0.7,True,continental
2019-03-22,Serbia,Uruguay,2,0,0.2,True,friendly
2019-03-27,Morocco,Colombia,0,0,0.2,True,friendly
2019-04-06,Uruguay,Portugal,1,1,0.4,False,qualifier
2019-04-07,Spain,Uruguay,2,3,0.2,True,friendly
2019-04-08,Italy,Spain,2,3,0.4,False,qualifier
2019-04-10,Colombia,Belgium,0,1,0.4,False,qualifier
2019-04-15,Ghana,Switzerland,1,1,0.4,False,qualifier
2019-04-16,Uruguay,Senegal,1,1,0.7,False,continental
2019-04-18,Denmark,France,1,0,0.4,False,qualifier
2019-04-19,Netherlands,Morocco,2,0,0.4,False,qualifier
2019-04-19,Senegal,Poland,2,0,0.4,False,qualifier
2019-04-23,Japan,Portugal,3,2,0.4,False,qualifier
2019-04-27,Denmark,Italy,0,4,0.2,False,friendly
2019-05-04,Denmark,Senegal,1,1,0.2,True,friendly
2019-05-04,Croatia,Italy,5,2,0.4,False,qualifier
2019-05-06,Italy,Germany,2,1,0.2,True,friendly
2019-05-10,Argentina,Spain,1,1,0.7,False,continental
2019-05-13,Argentina,Senegal,1,0,0.2,False,friendly
2019-05-16,Croatia,Switzerland,2,4,0.4,False,qualifier
2019-05-16,Denmark,Uruguay,0,3,0.2,False,friendly
2019-05-17,Poland,Argentina,2,2,0.7,False,continental
2019-05-19,Argentina,Switzerland,0,2,0.2,False,friendly
2019-05-20,Uruguay,Senegal,2,0,0.7,True,continental
2019-05-22,Japan,Poland,2,4,0.2,False,friendly
2019-05-24,Denmark,Spain,1,3,0.7,True,continental
2019-05-27,Brazil,Portugal,3,1,0.2,False,friendly
2019-06-01,Italy,Ghana,5,1,0.7,True,continental
2019-06-04,Switzerland,Mexico,0,1,0.2,True,friendly
2019-06-04,Colombia,Ghana,1,1,0.4,False,qualifier
2019-06-11,Serbia,Uruguay,0,2,0.2,False,friendly
2019-06-15,England,Belgium,2,2,0.4,False,qualifier
2019-06-18,USA,Colombia,1,0,0.7,True,continental
2019-06-20,Portugal,Japan,2,2,0.7,True,continental
2019-06-21,Colombia,Netherlands,0,1,0.4,False,qualifier
2019-06-25,Mexico,Japan,3,1,0.2,True,friendly
2019-06-25,Morocco,USA,1,3,0.7,True,continental
2019-07-01,England,Ecuador,2,0,0.4,False,qualifier
2019-07-09,Croatia,England,1,2,0.4,False,qualifier
2019-07-09,Belgium,Switzerland,2,1,0.4,False,qualifier
2019-07-16,Belgium,Mexico,3,0,0.4,False,qualifier
2019-07-17,Ghana,Denmark,1,2,0.4,False,qualifier
2019-07-18,Croatia,Netherlands,2,1,0.4,False,qualifier
2019-07-20,Colombia,Argentina,0,0,0.2,True,friendly
2019-07-21,Netherlands,USA,6,1,0.7,True,continental
2019-07-26,Belgium,Colombia,2,1,0.4,False,qualifier
2019-08-03,Switzerland,Belgium,0,1,0.2,False,friendly
2019-08-15,France,Uruguay,5,0,0.4,False,qualifier
2019-08-16,Germany,Italy,4,1,0.4,False,qualifier
2019-08-16,Morocco,Portugal,2,1,0.2,True,friendly
2019-08-19,Poland,Uruguay,2,1,0.2,True,friendly
2019-08-21,Uruguay,Senegal,1,2,0.4,False,qualifier
2019-08-24,Morocco,France,1,3,0.2,False,friendly
2019-08-25,Morocco,Uruguay,1,4,0.2,True,friendly
2019-08-25,Colombia,Senegal,0,0,0.4,False,qualifier
2019-08-26,Croatia,Colombia,0,0,0.2,True,friendly
2019-08-27,Switzerland,Belgium,2,1,0.4,False,qualifier
2019-09-04,Switzerland,Belgium,1,3,0.2,True,friendly
2019-09-07,Poland,Argentina,1,0,0.2,False,friendly
2019-09-16,Uruguay,Serbia,2,1,0.4,False,qualifier
2019-09-19,Netherlands,Croatia,4,4,0.4,False,qualifier
2019-09-21,Poland,Belgium,0,0,0.2,False,friendly
2019-09-26,Denmark,England,1,1,0.2,True,friendly
2019-09-27,Poland,Spain,2,1,0.4,False,qualifier
2019-09-27,Switzerland,Japan,2,3,0.7,False,continental
2019-10-01,Denmark,Netherlands,1,0,0.7,False,continental
2019-10-03,Belgium,Brazil,0,1,0.2,False,friendly
2019-10-03,Uruguay,Ecuador,2,1,0.2,False,friendly
2019-10-04,Senegal,Uruguay,0,1,0.4,False,qualifier
2019-10-05,Croatia,Italy,1,1,0.2,True,friendly
2019-10-06,Senegal,Colombia,1,1,0.2,True,friendly
2019-10-09,Ghana,Brazil,4,1,0.7,True,continental
2019-10-09,Ecuador,Morocco,1,0,0.4,False,qualifier
2019-10-11,Colombia,Denmark,3,2,0.2,True,friendly
2019-10-18,Italy,England,1,2,0.2,False,friendly
2019-10-20,Poland,France,0,2,0.4,False,qualifier
2019-11-04,Argentina,Denmark,1,1,0.7,True,continental
2019-11-05,Switzerland,England,0,2,0.7,False,continental
2019-11-09,USA,Colombia,0,1,0.2,False,friendly
2019-11-10,Morocco,Ecuador,0,0,0.2,False,friendly
2019-11-15,Germany,Brazil,2,3,0.4,False,qualifier
2019-11-16,Netherlands,Serbia,0,1,0.4,False,qualifier
2019-11-17,Mexico,England,0,0,0.7,False,continental
2019-11-19,Germany,Portugal,5,0,0.7,True,continental
2019-11-20,England,Denmark,5,0,0.2,True,friendly
2019-11-20,USA,England,0,2,0.4,False,qualifier
2019-11-23,Uruguay,USA,0,2,0.2,True,friendly
2019-11-26,Ecuador,Italy,0,1,0.7,True,continental
2019-12-03,France,Brazil,3,0,0.4,False,qualifier
2019-12-05,Mexico,Japan,0,0,0.7,True,continental
2019-12-11,Germany,Japan,3,2,0.4,False,qualifier
2019-12-13,Italy,Mexico,1,0,0.2,False,friendly
2019-12-13,Spain,Belgium,1,2,0.4,False,qualifier
2019-12-13,Ecuador,Switzerland,0,2,0.2,True,friendly
2019-12-16,Serbia,USA,2,1,0.2,False,friendly
2019-12-18,Italy,England,0,2,0.4,False,qualifier
2019-12-20,Denmark,Poland,5,0,0.2,False,friendly
2019-12-21,Italy,USA,2,2,0.4,False,qualifier
2019-12-21,Denmark,USA,3,1,0.2,True,friendly
2019-12-25,Senegal,Uruguay,1,1,0.4,False,qualifier
2020-01-01,Serbia,Senegal,1,2,0.2,True,friendly
2020-01-02,Ecuador,Brazil,1,6,0.2,False,friendly
2020-01-03,Ecuador,Denmark,1,1,0.4,False,qualifier
2020-01-08,England,Japan,2,1,0.2,False,friendly
2020-01-13,Argentina,Switzerland,1,4,0.4,False,qualifier
2020-01-13,Portugal,USA,7,1,0.4,False,qualifier
2020-01-15,Switzerland,Ghana,3,1,0.4,False,qualifier
2020-01-21,Japan,Uruguay,1,4,0.7,False,continental
2020-01-21,Mexico,Senegal,1,0,0.4,False,qualifier
2020-01-27,Colombia,Ghana,1,0,0.2,False,friendly
2020-02-04,Colombia,Poland,1,0,0.4,False,qualifier
2020-02-10,Portugal,Morocco,3,0,0.4,False,qualifier
2020-02-11,Morocco,Japan,0,1,0.7,True,continental
2020-02-15,Japan,Uruguay,2,1,0.4,False,qualifier
2020-02-15,England,Senegal,2,1,0.2,True,friendly
2020-02-17,Spain,Denmark,1,2,0.2,False,friendly
2020-02-21,Morocco,Denmark,1,2,0.2,False,friendly
2020-02-23,Denmark,Poland,6,1,0.4,False,qualifier
2020-02-23,Morocco,Senegal,3,1,0.4,False,qualifier
2020-02-24,Poland,Serbia,3,2,0.4,False,qualifier
2020-02-26,Morocco,Japan,4,0,0.7,False,continental
2020-02-26,Mexico,Senegal,2,1,0.2,True,friendly
2020-03-03,England,Colombia,3,0,0.7,True,continental
2020-03-06,Argentina,Uruguay,1,1,0.2,False,friendly
2020-03-09,Germany,Denmark,3,1,0.7,True,continental
2020-03-11,Colombia,Poland,1,0,0.2,False,friendly
2020-03-11,Senegal,Argentina,0,1,0.4,False,qualifier
2020-03-11,Uruguay,Poland,3,0,0.2,False,friendly
2020-03-15,Serbia,Argentina,1,2,0.4,False,qualifier
2020-03-19,Poland,Italy,3,3,0.4,False,qualifier
2020-03-22,Serbia,Portugal,0,3,0.2,False,friendly
2020-03-23,Switzerland,Colombia,3,0,0.7,False,continental
2020-03-27,Belgium,Netherlands,1,0,0.7,False,continental
2020-04-05,Colombia,Portugal,3,1,0.2,False,friendly
2020-04-06,England,Spain,3,2,0.2,False,friendly
2020-04-07,Mexico,Netherlands,2,1,0.2,True,friendly
2020-04-11,Mexico,Netherlands,3,0,0.2,False,friendly
2020-04-12,Belgium,Ghana,6,0,0.4,False,qualifier
2020-04-13,Serbia,England,0,3,0.4,False,qualifier
2020-04-20,Spain,Uruguay,0,2,0.4,False,qualifier
2020-04-22,Belgium,France,0,0,0.2,False,friendly
2020-04-26,Ghana,Ecuador,4,2,0.4,False,qualifier
2020-05-04,Serbia,France,1,1,0.4,False,qualifier
2020-05-04,Denmark,Spain,2,2,0.7,False,continental
2020-05-05,Spain,Mexico,1,1,0.2,True,friendly
2020-05-08,Uruguay,Spain,0,1,0.2,True,friendly
2020-05-08,Colombia,Morocco,0,0,0.2,True,friendly
2020-05-10,Italy,Portugal,2,2,0.7,True,continental
2020-05-15,Belgium,Ecuador,0,0,0.7,True,continental
2020-05-19,Netherlands,Germany,1,3,0.4,False,qualifier
2020-05-19,USA,Argentina,0,0,0.2,False,friendly
2020-06-01,Argentina,Switzerland,1,0,0.7,False,continental
2020-06-08,Ecuador,Belgium,1,1,0.2,True,friendly
2020-06-09,Belgium,Brazil,0,1,0.7,True,continental
2020-06-11,England,Japan,0,0,0.2,True,friendly
2020-06-15,Ghana,Ecuador,2,0,0.7,True,continental
2020-06-17,Argentina,Senegal,3,0,0.4,False,qualifier
2020-06-25,Morocco,Poland,6,2,0.2,True,friendly
2020-06-26,Mexico,Poland,2,2,0.4,False,qualifier
2020-06-27,Netherlands,Belgium,0,3,0.4,False,qualifier
2020-07-01,Poland,Germany,0,3,0.4,False,qualifier
2020-07-14,Japan,Germany,4,2,0.2,False,friendly
2020-07-20,France,Serbia,1,0,0.7,True,continental
2020-07-21,Germany,Mexico,1,0,0.2,False,friendly
2020-07-21,Ghana,Portugal,0,2,0.2,True,friendly
2020-07-23,Belgium,Netherlands,1,1,0.2,True,friendly
2020-07-23,Argentina,Morocco,2,1,0.4,False,qualifier
2020-08-01,Poland,Denmark,0,1,0.4,False,qualifier
2020-08-03,Italy,Croatia,0,0,0.2,True,friendly
2020-08-07,Portugal,Colombia,1,1,0.2,True,friendly
2020-08-08,Croatia,Argentina,1,1,0.2,True,friendly
2020-08-15,Japan,Serbia,0,3,0.4,False,qualifier
2020-08-17,Croatia,France,0,5,0.2,True,friendly
2020-08-18,Brazil,Japan,2,3,0.2,False,friendly
2020-08-19,Uruguay,Senegal,1,0,0.4,False,qualifier
2020-08-20,Ecuador,England,2,2,0.4,False,qualifier
2020-09-01,Brazil,Ghana,3,1,0.7,True,continental
2020-09-09,Poland,France,0,3,0.7,False,continental
2020-09-10,Switzerland,Mexico,3,2,0.7,False,continental
2020-09-21,Denmark,Italy,1,0,0.4,False,qualifier
2020-09-25,Germany,Portugal,2,2,0.7,True,continental
2020-10-01,Croatia,Japan,5,1,0.2,False,friendly
2020-10-04,Italy,Spain,0,2,0.2,False,friendly
2020-10-09,Mexico,Portugal,1,1,0.2,False,friendly
2020-10-09,Argentina,Senegal,1,1,0.4,False,qualifier
2020-10-11,Morocco,Netherlands,2,1,0.2,False,friendly
2020-10-12,Serbia,USA,1,3,0.2,True,friendly
2020-10-13,Poland,Morocco,1,0,0.4,False,qualifier
2020-10-16,Ghana,Germany,2,2,0.4,False,qualifier
2020-10-17,France,Germany,1,1,0.4,False,qualifier
2020-10-20,Denmark,USA,3,2,0.2,False,friendly
2020-10-21,Colombia,Argentina,1,1,0.4,False,qualifier
2020-10-27,Ghana,Mexico,1,0,0.2,True,friendly
2020-11-03,Germany,Ghana,2,0,0.2,False,friendly
2020-11-05,Spain,Italy,2,2,0.2,False,friendly
2020-11-06,Colombia,Mexico,1,1,0.7,True,continental
2020-11-11,Belgium,Denmark,1,1,0.2,True,friendly
2020-11-13,Belgium,Switzerland,2,0,0.4,False,qualifier
2020-11-17,Colombia,Ecuador,5,1,0.2,False,friendly
2020-11-20,Mexico,Germany,0,2,0.7,True,continental
2020-11-26,Serbia,Morocco,3,1,0.4,False,qualifier
2020-12-02,Mexico,Poland,0,0,0.2,False,friendly
2020-12-02,Japan,Mexico,1,3,0.4,False,qualifier
2020-12-06,Denmark,Argentina,0,1,0.7,True,continental
2020-12-08,Argentina,Uruguay,2,1,0.4,False,qualifier
2020-12-08,Ghana,Uruguay,1,0,0.2,False,friendly
2020-12-09,England,Ecuador,1,1,0.7,True,continental
2020-12-10,Uruguay,Germany,1,2,0.4,False,qualifier
2020-12-12,Poland,Spain,3,2,0.2,False,friendly
2020-12-13,Italy,Colombia,1,0,0.4,False,qualifier
2020-12-17,Italy,Spain,2,1,0.7,True,continental
2020-12-18,Senegal,Poland,3,1,0.7,True,continental
2020-12-20,France,Spain,2,0,0.2,False,friendly
2020-12-20,Brazil,Belgium,2,0,0.2,True,friendly
2020-12-21,USA,Japan,1,1,0.2,True,friendly
2020-12-21,Denmark,Poland,0,0,0.2,False,friendly
2020-12-23,Mexico,Brazil,1,3,0.2,True,friendly
2020-12-25,Mexico,Brazil,1,4,0.7,True,continental
2020-12-25,Argentina,Ecuador,1,2,0.2,True,friendly
2020-12-26,Colombia,Ecuador,3,1,0.2,False,friendly
2021-01-03,Ecuador,Germany,3,2,0.2,True,friendly
2021-01-04,Belgium,France,0,0,0.7,False,continental
2021-01-07,Ecuador,Argentina,0,3,0.4,False,qualifier
2021-01-08,Ecuador,USA,1,0,0.2,False,friendly
2021-01-11,Belgium,Ghana,3,0,0.2,False,friendly
2021-01-11,Poland,Uruguay,1,1,0.2,True,friendly
2021-01-13,Netherlands,Morocco,0,0,0.7,True,continental
2021-01-15,Germany,Switzerland,4,0,0.4,False,qualifier
2021-01-16,Italy,Argentina,1,2,0.2,False,friendly
2021-01-16,Colombia,Morocco,1,0,0.7,True,continental
2021-01-16,Spain,Mexico,2,2,0.7,False,continental
2021-01-17,Mexico,Croatia,3,1,0.2,True,friendly
2021-01-19,Portugal,Ghana,2,3,0.4,False,qualifier
2021-01-21,Japan,Belgium,0,3,0.7,False,continental
2021-01-23,Ghana,Uruguay,4,1,0.2,False,friendly
2021-01-23,Mexico,Uruguay,3,3,0.2,False,friendly
2021-01-24,USA,Switzerland,3,1,0.4,False,qualifier
2021-02-04,Ghana,Argentina,2,2,0.4,False,qualifier
2021-02-04,England,Poland,2,1,0.4,False,qualifier
2021-02-06,Germany,Colombia,3,2,0.2,False,friendly
2021-02-11,Belgium,Poland,0,1,0.2,True,friendly
2021-02-12,Germany,Netherlands,2,0,0.7,False,continental
2021-02-13,Colombia,Switzerland,3,0,0.4,False,qualifier
2021-02-16,Ecuador,Mexico,2,3,0.7,True,continental
2021-02-21,Colombia,Portugal,2,1,0.4,False,qualifier
2021-03-01,Croatia,England,0,2,0.2,False,friendly
2021-03-04,Italy,Poland,1,3,0.2,False,friendly
2021-03-11,Ecuador,Germany,0,2,0.7,True,continental
2021-03-15,Brazil,Spain,3,0,0.7,False,continental
2021-03-16,Senegal,Italy,0,2,0.7,False,continental
2021-03-20,Colombia,Poland,2,1,0.4,False,qualifier
2021-03-25,Mexico,Croatia,3,1,0.4,False,qualifier
2021-03-26,Germany,Uruguay,0,1,0.2,False,friendly
2021-04-02,Senegal,France,0,3,0.7,False,continental
2021-04-04,England,Mexico,3,1,0.7,True,continental
2021-04-06,Denmark,Germany,1,0,0.2,True,friendly
2021-04-10,Colombia,Morocco,5,1,0.4,False,qualifier
2021-04-11,Belgium,Poland,2,1,0.2,False,friendly
2021-04-14,USA,Germany,3,3,0.7,False,continental
2021-04-15,Poland,Colombia,0,2,0.7,True,continental
2021-04-15,Argentina,Ghana,1,1,0.2,True,friendly
2021-04-15,Belgium,Morocco,3,2,0.4,False,qualifier
2021-04-16,Portugal,Ecuador,0,1,0.4,False,qualifier
2021-04-19,Switzerland,Ghana,1,1,0.4,False,qualifier
2021-04-20,Mexico,Japan,3,0,0.2,False,friendly
2021-04-20,Netherlands,Mexico,0,2,0.2,False,friendly
2021-04-23,Denmark,Mexico,1,1,0.4,False,qualifier
2021-05-03,Croatia,England,0,0,0.7,False,continental
2021-05-05,USA,Ecuador,5,2,0.2,False,friendly
2021-05-06,Morocco,Senegal,4,0,0.2,True,friendly
2021-05-07,Portugal,Switzerland,2,3,0.7,True,continental
2021-05-09,France,Ecuador,3,0,0.7,True,continental
2021-05-10,Netherlands,Senegal,1,0,0.2,True,friendly
2021-05-10,USA,Poland,2,0,0.7,False,continental
2021-05-11,Serbia,England,0,1,0.2,True,friendly
2021-05-12,Senegal,Brazil,3,2,0.4,False,qualifier
2021-05-21,Japan,Portugal,1,3,0.4,False,qualifier
2021-05-24,Ghana,USA,1,1,0.4,False,qualifier
2021-06-04,Croatia,Argentina,1,2,0.2,False,friendly
2021-06-11,Ghana,Serbia,3,1,0.2,True,friendly
2021-06-13,Spain,Mexico,5,2,0.2,True,friendly
2021-06-16,Spain,Netherlands,4,1,0.4,False,qualifier
2021-06-22,Morocco,Brazil,0,2,0.2,False,friendly
2021-06-23,Ecuador,Mexico,2,2,0.4,False,qualifier
2021-06-26,Spain,Switzerland,0,1,0.7,False,continental
2021-06-26,Senegal,Japan,1,0,0.4,False,qualifier
2021-07-02,Croatia,USA,0,0,0.4,False,qualifier
2021-07-09,Uruguay,Denmark,2,2,0.7,False,continental
2021-07-10,Morocco,Switzerland,1,0,0.7,True,continental
2021-07-15,Denmark,USA,4,1,0.4,False,qualifier
2021-07-24,Switzerland,Germany,2,1,0.2,False,friendly
2021-07-25,Germany,Italy,3,1,0.7,True,continental
2021-07-26,Switzerland,Denmark,2,2,0.2,True,friendly
2021-07-27,Spain,Brazil,0,4,0.4,False,qualifier
2021-08-03,Spain,France,1,1,0.7,True,continental
2021-08-04,Japan,Poland,0,0,0.2,False,friendly
2021-08-06,Uruguay,Poland,3,0,0.2,True,friendly
2021-08-06,Belgium,Mexico,2,2,0.4,False,qualifier
2021-08-09,Colombia,Senegal,2,1,0.2,False,friendly
2021-08-10,Serbia,Switzerland,3,2,0.4,False,qualifier
2021-08-15,Serbia,Japan,1,0,0.2,True,friendly
2021-08-15,Japan,Senegal,0,1,0.4,False,qualifier
2021-08-16,Japan,Croatia,1,4,0.2,True,friendly
2021-08-17,Belgium,Italy,1,0,0.2,True,friendly
2021-08-18,Senegal,Uruguay,0,5,0.4,False,qualifier
2021-08-20,Senegal,Germany,1,1,0.2,False,friendly
2021-08-20,Colombia,Mexico,1,2,0.2,False,friendly
2021-08-23,Ecuador,Switzerland,1,1,0.7,True,continental
2021-08-27,Switzerland,Morocco,3,1,0.2,False,friendly
2021-09-01,Morocco,Portugal,5,3,0.2,True,friendly
2021-09-06,Mexico,Brazil,1,2,0.4,False,qualifier
2021-09-09,Colombia,Germany,0,2,0.7,False,continental
2021-09-12,Argentina,Croatia,0,3,0.2,True,friendly
2021-09-13,Denmark,Brazil,4,5,0.2,False,friendly
2021-09-15,France,England,2,1,0.2,False,friendly
2021-09-16,France,USA,6,1,0.7,False,continental
2021-09-19,Denmark,Spain,3,6,0.4,False,qualifier
2021-09-22,Italy,Netherlands,3,1,0.7,False,continental
2021-09-22,Argentina,Brazil,3,3,0.4,False,qualifier
2021-09-22,Brazil,Poland,1,2,0.7,True,continental
2021-10-03,Ecuador,Japan,2,4,0.7,False,continental
2021-10-05,Japan,Ghana,2,1,0.2,False,friendly
2021-10-07,Italy,Mexico,1,1,0.4,False,qualifier
2021-10-12,England,Croatia,2,1,0.2,False,friendly
2021-10-13,USA,Poland,4,1,0.4,False,qualifier
2021-10-14,Belgium,Switzerland,1,0,0.2,True,friendly
2021-10-19,Colombia,Switzerland,3,2,0.4,False,qualifier
2021-10-25,Colombia,Uruguay,1,5,0.4,False,qualifier
2021-11-07,Portugal,England,0,4,0.2,True,friendly
2021-11-10,Ghana,Colombia,1,2,0.4,False,qualifier
2021-11-12,Morocco,Ecuador,0,0,0.4,False,qualifier
2021-11-22,Mexico,England,3,2,0.7,False,continental
2021-11-23,Mexico,Argentina,0,0,0.4,False,qualifier
2021-11-27,Senegal,Uruguay,0,1,0.7,True,continental
2021-12-02,Brazil,Ghana,4,0,0.4,False,qualifier
2021-12-07,Denmark,Switzerland,5,1,0.4,False,qualifier
2021-12-13,Brazil,Croatia,2,0,0.2,False,friendly
2021-12-16,Italy,Ghana,0,1,0.2,False,friendly
2021-12-23,Ecuador,Belgium,1,3,0.2,False,friendly
2021-12-25,Argentina,France,2,0,0.4,False,qualifier
2022-01-04,Argentina,Denmark,0,1,0.2,True,friendly
2022-01-06,Italy,England,0,2,0.7,True,continental
2022-01-08,Serbia,Ghana,4,1,0.7,False,continental
2022-01-14,Portugal,Mexico,1,2,0.4,False,qualifier
2022-01-14,Colombia,Serbia,1,1,0.7,False,continental
2022-01-19,Spain,Ecuador,2,0,0.2,True,friendly
2022-01-26,England,Brazil,2,2,0.2,False,friendly
2022-01-27,Poland,Germany,0,1,0.2,False,friendly
2022-02-02,Italy,Switzerland,2,0,0.2,True,friendly
2022-02-03,Uruguay,USA,2,2,0.2,True,friendly
2022-02-04,Uruguay,Ghana,1,1,0.2,False,friendly
2022-02-04,Croatia,Denmark,1,2,0.4,False,qualifier
2022-02-05,Spain,Uruguay,2,1,0.2,False,friendly
2022-02-05,Ecuador,Uruguay,1,4,0.2,False,friendly
2022-02-08,Japan,Switzerland,0,1,0.2,True,friendly
2022-02-09,Japan,Portugal,1,3,0.2,False,friendly
2022-02-17,Ghana,England,0,4,0.7,True,continental
2022-02-17,Portugal,Switzerland,3,1,0.4,False,qualifier
2022-02-18,Spain,France,0,1,0.4,False,qualifier
2022-02-19,Japan,USA,1,2,0.7,True,continental
2022-02-23,USA,Serbia,3,1,0.2,False,friendly
2022-03-05,Poland,Mexico,2,2,0.7,True,continental
2022-03-06,Uruguay,Argentina,5,1,0.4,False,qualifier
2022-03-09,England,Italy,5,0,0.2,False,friendly
2022-03-09,Argentina,Morocco,2,2,0.2,True,friendly
2022-03-11,Netherlands,Japan,4,1,0.4,False,qualifier
2022-03-12,USA,Croatia,2,0,0.4,False,qualifier
2022-03-16,USA,Ecuador,2,1,0.2,False,friendly
2022-03-17,Colombia,Switzerland,1,1,0.2,False,friendly
2022-03-19,Ecuador,Netherlands,3,1,0.4,False,qualifier
2022-03-20,Netherlands,Croatia,2,0,0.7,True,continental
2022-03-23,Portugal,Brazil,1,4,0.2,True,friendly
2022-03-27,Switzerland,USA,4,0,0.2,True,friendly
2022-04-08,Argentina,Colombia,3,0,0.2,True,friendly
2022-04-11,Portugal,Argentina,0,1,0.4,False,qualifier
2022-04-12,Serbia,Colombia,0,2,0.7,True,continental
2022-04-12,Brazil,Denmark,2,1,0.4,False,qualifier
2022-04-13,France,England,0,1,0.7,False,continental
2022-04-14,Colombia,Germany,2,1,0.2,True,friendly
2022-04-14,Brazil,Portugal,3,0,0.7,True,continental
2022-04-18,Morocco,Denmark,2,2,0.4,False,qualifier
2022-04-18,Senegal,Brazil,2,1,0.2,True,friendly
2022-04-21,Denmark,Senegal,0,0,0.7,True,continental
2022-04-21,England,Croatia,0,0,0.2,True,friendly
2022-04-21,Ghana,Brazil,1,1,0.2,False,friendly
2022-04-23,Ecuador,Uruguay,0,1,0.4,False,qualifier
2022-04-24,Germany,Belgium,1,0,0.4,False,qualifier
2022-04-25,Poland,Netherlands,2,1,0.4,False,qualifier
2022-05-01,Croatia,Spain,2,2,0.4,False,qualifier
2022-05-07,Ghana,Senegal,1,2,0.4,False,qualifier
2022-05-09,Portugal,Japan,0,0,0.7,True,continental
2022-05-11,Serbia,Denmark,0,3,0.7,True,continental
2022-05-14,Portugal,Belgium,0,4,0.2,False,friendly
2022-05-15,Denmark,Belgium,1,1,0.2,True,friendly
2022-05-20,Uruguay,Belgium,0,0,0.2,True,friendly
2022-05-25,Uruguay,Belgium,1,2,0.4,False,qualifier
2022-05-25,Denmark,Switzerland,2,1,0.2,False,friendly
2022-05-25,Japan,USA,1,2,0.2,False,friendly
2022-05-25,Spain,Brazil,2,0,0.2,True,friendly
2022-06-02,Croatia,France,1,2,0.9,True,world_cup
2022-06-02,England,Morocco,2,0,0.9,True,world_cup
2022-06-02,Ghana,Colombia,1,0,0.9,True,world_cup
2022-06-03,Denmark,Germany,0,3,0.9,True,world_cup
2022-06-03,Morocco,France,1,2,0.9,True,world_cup
2022-06-04,Poland,Switzerland,0,1,0.9,True,world_cup
2022-06-05,Argentina,Morocco,2,1,0.9,True,world_cup
2022-06-06,Croatia,Ecuador,1,3,0.9,True,world_cup
2022-06-06,Argentina,Senegal,1,0,0.9,True,world_cup
2022-06-06,Italy,Ghana,2,0,0.9,True,world_cup
2022-06-07,Ecuador,Colombia,0,2,0.9,True,world_cup
2022-06-07,Morocco,Belgium,0,3,0.9,True,world_cup
2022-06-08,Croatia,Belgium,1,1,0.9,True,world_cup
2022-06-08,Belgium,Ghana,1,1,0.9,True,world_cup
2022-06-08,Colombia,Germany,1,5,0.9,True,world_cup
2022-06-09,Ecuador,Poland,0,2,0.9,True,world_cup
2022-06-09,Denmark,Argentina,2,1,0.4,False,qualifier
2022-06-10,Ghana,Denmark,1,3,0.9,True,world_cup
2022-06-10,Senegal,Poland,1,2,0.9,True,world_cup
2022-06-11,Croatia,England,0,0,0.9,True,world_cup
2022-06-11,Germany,Ecuador,1,1,0.9,True,world_cup
2022-06-11,Portugal,Germany,1,0,0.9,True,world_cup
2022-06-11,Poland,France,1,1,0.9,True,world_cup
2022-06-11,Switzerland,Belgium,0,1,0.9,True,world_cup
2022-06-11,Ghana,Argentina,0,4,0.2,False,friendly
2022-06-11,Portugal,Croatia,4,3,0.9,True,world_cup
2022-06-12,Poland,Portugal,0,0,0.9,True,world_cup
2022-06-13,Netherlands,Croatia,4,2,0.2,False,friendly
2022-06-13,Morocco,Senegal,2,0,0.9,True,world_cup
2022-06-13,Croatia,Ghana,0,1,0.9,True,world_cup
2022-06-13,France,Argentina,2,2,0.9,True,world_cup
2022-06-14,England,Croatia,0,0,0.9,True,world_cup
2022-06-14,France,Belgium,0,0,0.9,True,world_cup
2022-06-15,Argentina,Germany,1,2,0.9,True,world_cup
2022-06-15,Morocco,Germany,0,0,0.9,True,world_cup
2022-06-15,France,Switzerland,3,0,0.9,True,world_cup
2022-06-15,England,Ecuador,2,0,0.9,True,world_cup
2022-06-15,Portugal,Morocco,2,1,0.9,True,world_cup
2022-06-15,Portugal,Ecuador,0,3,0.9,True,world_cup
2022-06-16,Ghana,Poland,0,0,0.9,True,world_cup
2022-06-17,Morocco,Senegal,1,2,0.9,True,world_cup
2022-06-17,Colombia,Germany,0,2,0.9,True,world_cup
2022-06-17,France,Denmark,3,0,0.9,True,world_cup
2022-06-18,Argentina,Senegal,0,0,0.9,True,world_cup
2022-06-18,Switzerland,Argentina,2,3,0.9,True,world_cup
2022-06-19,Colombia,Ecuador,2,0,0.9,True,world_cup
2022-06-19,Senegal,Poland,0,1,0.9,True,world_cup
2022-06-19,Poland,Ecuador,2,0,0.9,True,world_cup
2022-06-19,Senegal,Morocco,3,0,0.9,True,world_cup
2022-06-19,France,Italy,1,0,0.9,True,world_cup
2022-06-20,Colombia,Ghana,4,0,0.9,True,world_cup
2022-06-20,Switzerland,Poland,1,0,0.9,True,world_cup
2022-06-20,Colombia,Germany,1,2,0.9,True,world_cup
2022-06-20,Argentina,Croatia,1,0,0.9,True,world_cup
2022-06-20,USA,Belgium,2,0,0.2,False,friendly
2022-06-21,England,Denmark,1,1,0.9,True,world_cup
2022-06-22,Argentina,Denmark,0,0,0.9,True,world_cup
2022-06-23,Denmark,Belgium,4,1,0.9,True,world_cup
2022-06-23,Belgium,Argentina,3,1,0.9,True,world_cup
2022-06-24,Ecuador,Argentina,0,2,0.9,True,world_cup
2022-06-24,Morocco,Poland,0,1,0.2,True,friendly
2022-06-24,Belgium,Switzerland,2,1,0.9,True,world_cup
2022-06-25,Poland,Ghana,1,2,0.9,True,world_cup
2022-06-25,Colombia,Belgium,1,0,0.9,True,world_cup
2022-06-26,Poland,Portugal,0,1,0.9,True,world_cup
2022-06-26,Ghana,Poland,2,0,0.9,True,world_cup
2022-06-26,France,Argentina,0,0,0.9,True,world_cup
2022-06-26,Germany,Portugal,2,3,0.9,True,world_cup
2022-06-27,Ghana,Portugal,0,0,0.9,True,world_cup
2022-06-27,Italy,France,2,1,0.4,False,qualifier
2022-07-05,Argentina,Switzerland,3,0,0.7,False,continental
2022-07-05,Ecuador,Brazil,0,2,0.2,False,friendly
2022-07-16,USA,Colombia,2,2,0.2,False,friendly
2022-07-20,Mexico,Switzerland,0,2,0.2,False,friendly
2022-07-21,Ecuador,Belgium,0,0,0.7,False,continental
2022-07-22,Brazil,Netherlands,5,3,0.2,False,friendly
2022-08-01,Croatia,Mexico,1,2,0.4,False,qualifier
2022-08-03,Japan,Denmark,1,3,0.2,True,friendly
2022-08-06,Senegal,Colombia,1,1,0.2,True,friendly
2022-08-09,Belgium,Argentina,0,1,0.2,True,friendly
2022-08-10,Portugal,Uruguay,1,2,0.2,True,friendly
2022-08-15,England,Mexico,3,0,0.2,False,friendly
2022-08-23,Portugal,Colombia,1,1,0.2,False,friendly
2022-08-27,Ghana,USA,1,5,0.2,False,friendly
2022-09-03,Uruguay,Netherlands,1,0,0.4,False,qualifier
2022-09-08,Netherlands,Brazil,1,3,0.7,True,continental
2022-09-12,Belgium,USA,2,0,0.4,False,qualifier
2022-09-13,USA,Morocco,0,3,0.4,False,qualifier
2022-09-19,France,Belgium,1,1,0.7,True,continental
2022-09-21,Senegal,Japan,0,1,0.4,False,qualifier
2022-09-23,Argentina,Netherlands,1,1,0.2,False,friendly
2022-10-02,Poland,USA,1,2,0.2,False,friendly
2022-10-03,Mexico,Netherlands,2,2,0.2,True,friendly
2022-10-08,Japan,Argentina,1,1,0.4,False,qualifier
2022-10-10,Croatia,Switzerland,3,2,0.4,False,qualifier
2022-10-10,Switzerland,Germany,0,1,0.7,False,continental
2022-10-13,Belgium,Brazil,0,0,0.2,False,friendly
2022-10-14,Ecuador,Ghana,0,2,0.2,False,friendly
2022-10-21,Switzerland,Netherlands,4,3,0.4,False,qualifier
2022-10-22,Switzerland,Ghana,0,1,0.7,True,continental
2022-10-22,Mexico,Netherlands,4,0,0.4,False,qualifier
2022-10-23,Colombia,USA,2,0,0.4,False,qualifier
2022-11-01,Croatia,Brazil,0,3,0.2,True,friendly
2022-11-01,France,Croatia,3,0,0.4,False,qualifier
2022-11-03,Denmark,Argentina,2,1,0.4,False,qualifier
2022-11-04,Netherlands,Belgium,1,0,0.7,False,continental
2022-11-06,Mexico,Germany,0,1,0.2,True,friendly
2022-11-07,Spain,Uruguay,0,1,0.7,True,continental
2022-11-08,Japan,Argentina,3,2,0.4,False,qualifier
2022-11-10,Croatia,Mexico,0,0,0.7,False,continental
2022-11-13,Germany,Uruguay,3,3,0.7,True,continental
2022-11-15,Mexico,Switzerland,0,1,0.7,True,continental
2022-11-15,Brazil,England,2,1,0.2,False,friendly
2022-11-16,Ghana,Netherlands,1,1,0.2,True,friendly
2022-11-23,Senegal,Switzerland,1,1,0.4,False,qualifier
2022-11-27,Netherlands,Portugal,0,3,0.2,False,friendly
2022-12-04,France,Mexico,3,1,0.4,False,qualifier
2022-12-04,Serbia,Ecuador,2,3,0.2,True,friendly
2022-12-11,Portugal,USA,4,2,0.2,True,friendly
2022-12-12,Belgium,USA,0,0,0.2,True,friendly
2022-12-13,Uruguay,Morocco,1,0,0.4,False,qualifier
2022-12-15,Senegal,Morocco,0,1,0.2,True,friendly
2022-12-16,Switzerland,Senegal,2,4,0.2,True,friendly
2022-12-19,England,Japan,2,1,0.2,False,friendly
2022-12-22,Italy,Netherlands,2,1,0.2,False,friendly
